timestamp,open,high,low,close,volume,volume_quote
2025-09-11 23:00:00,3.024,3.049,3.024,3.04,15251882.94,46368394.43
2025-09-12 00:00:00,3.04,3.072,3.033,3.054,23770068.47,72613282.43
2025-09-12 01:00:00,3.054,3.068,3.037,3.039,14322299.92,43743831.86
2025-09-12 02:00:00,3.039,3.054,3.038,3.044,8808398.12,26830642.72
2025-09-12 03:00:00,3.044,3.047,3.032,3.037,7831583.08,23795113.42
2025-09-12 04:00:00,3.037,3.056,3.029,3.054,9968333.19,30331514.65
2025-09-12 05:00:00,3.054,3.073,3.048,3.072,12738989.37,38990105.6
2025-09-12 06:00:00,3.072,3.072,3.049,3.052,14894476.86,45570584.74
2025-09-12 07:00:00,3.052,3.073,3.048,3.067,15377267.09,47041562.57
2025-09-12 08:00:00,3.067,3.071,3.048,3.055,10003594.4,30597224.21
2025-09-12 09:00:00,3.055,3.057,3.044,3.049,7217663.46,22009798.42
2025-09-12 10:00:00,3.049,3.05,3.039,3.044,6487519.41,19749606.34
2025-09-12 11:00:00,3.044,3.053,3.037,3.039,7525424.71,22920077.22
2025-09-12 12:00:00,3.039,3.045,3.026,3.041,9852130.15,29902950.7
2025-09-12 13:00:00,3.041,3.045,3.027,3.041,8888389.47,26997025.23
2025-09-12 14:00:00,3.041,3.065,3.034,3.039,16897712.2,51530026.82
2025-09-12 15:00:00,3.039,3.04,3.018,3.028,13060455.31,39525695.08
2025-09-12 16:00:00,3.028,3.043,3.022,3.041,9642133.36,29257470.62
2025-09-12 17:00:00,3.041,3.073,3.035,3.065,17584814.12,53827398.28
2025-09-12 18:00:00,3.065,3.079,3.06,3.079,13693544.02,42044450.88
2025-09-12 19:00:00,3.079,3.094,3.067,3.09,15431793.19,47558263.37
2025-09-12 20:00:00,3.09,3.138,3.083,3.123,33945326.73,105442412.11
2025-09-12 21:00:00,3.123,3.126,3.086,3.094,16983820.72,52714635.93
2025-09-12 22:00:00,3.094,3.126,3.094,3.112,16429296.87,51162779.81
2025-09-12 23:00:00,3.112,3.113,3.1,3.105,8107424.26,25175656.19
2025-09-13 00:00:00,3.105,3.107,3.093,3.103,9040708.89,28023403.8
2025-09-13 01:00:00,3.103,3.124,3.093,3.097,12721728.64,39590095.47
2025-09-13 02:00:00,3.097,3.107,3.09,3.103,6251472.69,19379620.95
2025-09-13 03:00:00,3.103,3.117,3.1,3.114,7055495.1,21951126.76
2025-09-13 04:00:00,3.114,3.116,3.105,3.106,6242543.3,19419786.65
2025-09-13 05:00:00,3.106,3.113,3.099,3.101,8431759.21,26177492.72
2025-09-13 06:00:00,3.101,3.116,3.1,3.116,8552666.11,26595275.24
2025-09-13 07:00:00,3.116,3.122,3.112,3.117,6471105.99,20171620.58
2025-09-13 08:00:00,3.117,3.145,3.111,3.143,15100497.3,47308636.28
2025-09-13 09:00:00,3.143,3.185,3.139,3.18,32617301.32,103236327.48
2025-09-13 10:00:00,3.18,3.186,3.16,3.163,19361269.25,61406469.5
2025-09-13 11:00:00,3.163,3.177,3.151,3.173,14070810.23,44500592.03
2025-09-13 12:00:00,3.173,3.181,3.165,3.171,9701246.54,30771343.54
2025-09-13 13:00:00,3.171,3.179,3.127,3.142,25747366.86,81108030.0
2025-09-13 14:00:00,3.142,3.156,3.122,3.147,17455543.82,54826673.56
2025-09-13 15:00:00,3.147,3.157,3.122,3.133,14521018.53,45574302.34
2025-09-13 16:00:00,3.133,3.142,3.108,3.11,19612758.14,61281675.76
2025-09-13 17:00:00,3.11,3.118,3.089,3.112,18297043.78,56778609.16
2025-09-13 18:00:00,3.112,3.118,3.101,3.115,6529157.16,20309781.59
2025-09-13 19:00:00,3.115,3.118,3.107,3.111,5630412.32,17522765.37
2025-09-13 20:00:00,3.111,3.122,3.109,3.118,7133629.83,22241800.84
2025-09-13 21:00:00,3.118,3.128,3.117,3.12,4762552.97,14873949.71
2025-09-13 22:00:00,3.12,3.123,3.114,3.121,4053665.27,12642165.48
2025-09-13 23:00:00,3.121,3.128,3.118,3.119,5062400.11,15808480.4
2025-09-14 00:00:00,3.119,3.12,3.102,3.11,6090801.12,18965059.29
2025-09-14 01:00:00,3.11,3.118,3.085,3.115,12121504.16,37557117.89
2025-09-14 02:00:00,3.115,3.127,3.106,3.122,9618401.02,29992851.44
2025-09-14 03:00:00,3.122,3.124,3.093,3.095,10653720.95,33120776.74
2025-09-14 04:00:00,3.095,3.104,3.076,3.099,12233123.32,37829635.27
2025-09-14 05:00:00,3.099,3.108,3.097,3.107,4569046.96,14177466.2
2025-09-14 06:00:00,3.107,3.109,3.083,3.091,8384416.02,25942098.04
2025-09-14 07:00:00,3.091,3.092,3.075,3.084,8399628.96,25906016.03
2025-09-14 08:00:00,3.084,3.09,3.075,3.084,7423163.33,22880836.59
2025-09-14 09:00:00,3.084,3.095,3.081,3.09,5726073.04,17680392.03
2025-09-14 10:00:00,3.09,3.092,3.081,3.085,4424242.8,13650907.04
2025-09-14 11:00:00,3.085,3.088,3.054,3.059,13493377.61,41402082.95
2025-09-14 12:00:00,3.059,3.066,3.04,3.05,10912806.54,33330734.58
2025-09-14 13:00:00,3.05,3.053,3.029,3.037,11091796.62,33753538.74
2025-09-14 14:00:00,3.037,3.049,3.01,3.025,22332844.68,67557490.76
2025-09-14 15:00:00,3.025,3.039,3.014,3.032,13379921.17,40508844.21
2025-09-14 16:00:00,3.032,3.047,3.028,3.043,8477010.47,25779555.94
2025-09-14 17:00:00,3.043,3.059,3.039,3.054,8819747.64,26916168.02
2025-09-14 18:00:00,3.054,3.055,3.033,3.037,6936576.98,21117661.45
2025-09-14 19:00:00,3.037,3.047,3.03,3.038,7620475.12,23163944.5
2025-09-14 20:00:00,3.038,3.044,3.034,3.038,3962585.52,12042682.21
2025-09-14 21:00:00,3.038,3.052,3.027,3.048,7830675.04,23803352.52
2025-09-14 22:00:00,3.048,3.057,3.039,3.051,9069125.36,27651534.82
2025-09-14 23:00:00,3.051,3.051,3.025,3.028,9702964.37,29442479.62
2025-09-15 00:00:00,3.028,3.045,3.027,3.035,7121953.06,21622447.31
2025-09-15 01:00:00,3.035,3.048,3.012,3.04,10330869.37,31319909.52
2025-09-15 02:00:00,3.04,3.05,3.033,3.036,6256829.33,19028616.67
2025-09-15 03:00:00,3.036,3.052,3.035,3.048,7048669.97,21463010.42
2025-09-15 04:00:00,3.048,3.057,3.044,3.051,6837258.67,20867048.39
2025-09-15 05:00:00,3.051,3.067,3.049,3.066,7865544.31,24078437.76
2025-09-15 06:00:00,3.066,3.066,3.025,3.036,12288002.78,37420300.69
2025-09-15 07:00:00,3.036,3.049,3.013,3.023,12729498.18,38526193.1
2025-09-15 08:00:00,3.023,3.024,2.956,2.96,46724288.84,139526628.08
2025-09-15 09:00:00,2.96,2.984,2.954,2.978,19026307.53,56579851.53
2025-09-15 10:00:00,2.978,2.982,2.967,2.979,9971545.59,29651610.98
2025-09-15 11:00:00,2.979,3.0,2.977,3.0,10938135.37,32709388.36
2025-09-15 12:00:00,3.0,3.001,2.987,2.989,12162259.01,36404489.43
2025-09-15 13:00:00,2.989,3.043,2.984,3.023,22186288.23,66934116.61
2025-09-15 14:00:00,3.023,3.03,3.005,3.005,18716699.63,56489048.57
2025-09-15 15:00:00,3.005,3.041,3.001,3.028,27537746.09,83047038.3
2025-09-15 16:00:00,3.028,3.036,3.002,3.006,13275504.08,40121327.4
2025-09-15 17:00:00,3.006,3.017,2.993,3.009,11811566.19,35481661.54
2025-09-15 18:00:00,3.009,3.011,2.995,3.009,6038186.85,18129587.35
2025-09-15 19:00:00,3.009,3.016,2.985,2.988,10476682.27,31409468.08
2025-09-15 20:00:00,2.988,2.998,2.98,2.998,7391883.47,22104421.66
2025-09-15 21:00:00,2.998,3.004,2.99,2.999,5512546.6,16527891.33
2025-09-15 22:00:00,2.999,3.001,2.984,2.991,10470765.37,31324495.18
2025-09-15 23:00:00,2.991,2.999,2.985,2.997,5268347.59,15770156.05
2025-09-16 00:00:00,2.997,2.997,2.977,2.986,7011512.41,20932476.71
2025-09-16 01:00:00,2.986,2.999,2.983,2.985,6803880.22,20364096.88
2025-09-16 02:00:00,2.985,2.993,2.98,2.98,6515440.17,19453191.1
2025-09-16 03:00:00,2.98,2.99,2.978,2.979,7406423.1,22095130.47
2025-09-16 04:00:00,2.979,2.983,2.964,2.981,8388523.61,24947437.33
2025-09-16 05:00:00,2.981,3.008,2.98,3.005,11828469.81,35400409.61
2025-09-16 06:00:00,3.005,3.006,2.979,2.984,10995999.51,32916075.07
2025-09-16 07:00:00,2.984,3.014,2.984,3.008,8883907.56,26633849.0
2025-09-16 08:00:00,3.008,3.049,3.004,3.035,21401622.15,64753042.8
2025-09-16 09:00:00,3.035,3.039,3.021,3.029,12286365.02,37238165.26
2025-09-16 10:00:00,3.029,3.036,3.018,3.022,10754678.29,32571126.08
2025-09-16 11:00:00,3.022,3.034,3.022,3.029,6952960.9,21059650.91
2025-09-16 12:00:00,3.029,3.041,3.025,3.038,7468946.42,22654947.92
2025-09-16 13:00:00,3.038,3.048,3.003,3.025,19768804.68,59781357.69
2025-09-16 14:00:00,3.025,3.031,3.004,3.028,16222560.79,48955396.47
2025-09-16 15:00:00,3.028,3.041,3.021,3.039,9699345.88,29398630.71
2025-09-16 16:00:00,3.039,3.05,3.031,3.047,11060264.53,33610819.9
2025-09-16 17:00:00,3.047,3.059,3.042,3.047,12090040.0,36876766.71
2025-09-16 18:00:00,3.047,3.052,3.035,3.04,7432070.74,22618800.65
2025-09-16 19:00:00,3.04,3.053,3.035,3.052,8059452.06,24521371.42
2025-09-16 20:00:00,3.052,3.052,3.042,3.047,5694404.09,17354306.3
2025-09-16 21:00:00,3.047,3.056,3.047,3.054,5631606.92,17185056.97
2025-09-16 22:00:00,3.054,3.058,3.046,3.047,4506865.47,13754953.35
2025-09-16 23:00:00,3.047,3.048,3.035,3.037,4471277.59,13597960.53
2025-09-17 00:00:00,3.037,3.043,3.034,3.036,4866762.61,14786473.49
2025-09-17 01:00:00,3.036,3.045,3.034,3.04,4101508.15,12465512.45
2025-09-17 02:00:00,3.04,3.048,3.03,3.037,20153881.35,61184043.05
2025-09-17 03:00:00,3.037,3.038,3.016,3.016,11469989.46,34716062.65
2025-09-17 04:00:00,3.016,3.019,3.005,3.011,8139160.78,24520904.92
2025-09-17 05:00:00,3.011,3.021,3.007,3.02,10196813.23,30736380.52
2025-09-17 06:00:00,3.02,3.025,3.014,3.024,9799844.42,29590796.26
2025-09-17 07:00:00,3.024,3.039,3.02,3.034,8641856.98,26202625.94
2025-09-17 08:00:00,3.034,3.034,3.014,3.021,9927136.09,29986457.81
2025-09-17 09:00:00,3.021,3.021,3.014,3.015,5580864.31,16833848.54
2025-09-17 10:00:00,3.015,3.019,3.003,3.013,11898062.2,35828112.82
2025-09-17 11:00:00,3.013,3.014,3.007,3.009,6512209.57,19606363.12
2025-09-17 12:00:00,3.009,3.026,3.009,3.024,8120851.88,24516284.37
2025-09-17 13:00:00,3.024,3.038,3.018,3.023,8900929.45,26938309.86
2025-09-17 14:00:00,3.023,3.03,3.009,3.014,10485133.36,31665287.46
2025-09-17 15:00:00,3.014,3.026,3.013,3.023,6047739.83,18264168.85
2025-09-17 16:00:00,3.023,3.024,3.01,3.022,7171979.9,21635564.38
2025-09-17 17:00:00,3.022,3.067,3.018,3.041,19667448.16,59868539.67
2025-09-17 18:00:00,3.041,3.058,2.982,2.998,80056895.58,242239143.43
2025-09-17 19:00:00,2.998,3.043,2.996,3.032,23225479.74,70259434.66
2025-09-17 20:00:00,3.032,3.05,3.013,3.015,12846589.75,38968267.6
2025-09-17 21:00:00,3.015,3.039,3.006,3.032,8532900.66,25799536.57
2025-09-17 22:00:00,3.032,3.091,3.032,3.087,26404796.69,80995554.08
2025-09-17 23:00:00,3.087,3.108,3.07,3.084,24519516.58,75711926.52
2025-09-18 00:00:00,3.084,3.095,3.075,3.076,14618604.94,45106563.53
2025-09-18 01:00:00,3.076,3.1,3.071,3.093,12897828.32,39820931.29
2025-09-18 02:00:00,3.093,3.096,3.08,3.095,7938722.47,24514499.08
2025-09-18 03:00:00,3.095,3.112,3.092,3.105,17418102.47,54079288.87
2025-09-18 04:00:00,3.105,3.107,3.092,3.099,12360298.29,38304532.03
2025-09-18 05:00:00,3.099,3.099,3.077,3.081,12756429.4,39369444.02
2025-09-18 06:00:00,3.081,3.083,3.056,3.071,16404960.63,50309774.81
2025-09-18 07:00:00,3.071,3.104,3.071,3.092,15899185.45,49056233.24
2025-09-18 08:00:00,3.092,3.108,3.09,3.107,16281932.56,50489056.27
2025-09-18 09:00:00,3.107,3.123,3.103,3.123,17138723.82,53305231.89
2025-09-18 10:00:00,3.123,3.125,3.103,3.112,13132558.04,40863808.25
2025-09-18 11:00:00,3.112,3.138,3.112,3.137,18406071.19,57558405.65
2025-09-18 12:00:00,3.137,3.139,3.115,3.116,14012575.44,43784197.05
2025-09-18 13:00:00,3.116,3.132,3.103,3.119,19517476.47,60874648.86
2025-09-18 14:00:00,3.119,3.131,3.117,3.122,13359928.97,41735959.67
2025-09-18 15:00:00,3.122,3.128,3.113,3.113,13268539.15,41390404.74
2025-09-18 16:00:00,3.113,3.12,3.107,3.117,10571946.97,32912157.08
2025-09-18 17:00:00,3.117,3.123,3.099,3.108,13862604.79,43138945.77
2025-09-18 18:00:00,3.108,3.118,3.103,3.117,7626488.63,23729993.73
2025-09-18 19:00:00,3.117,3.117,3.088,3.108,13399425.5,41588859.86
2025-09-18 20:00:00,3.108,3.108,3.093,3.1,10609549.62,32896520.63
2025-09-18 21:00:00,3.1,3.102,3.083,3.084,7429981.76,22956788.56
2025-09-18 22:00:00,3.084,3.085,3.073,3.073,11725466.59,36093760.83
2025-09-18 23:00:00,3.073,3.079,3.06,3.074,13036052.97,40020790.27
2025-09-19 00:00:00,3.074,3.087,3.074,3.086,6488962.64,19994004.65
2025-09-19 01:00:00,3.086,3.094,3.077,3.08,7421380.88,22904830.33
2025-09-19 02:00:00,3.08,3.08,3.062,3.067,9855088.47,30249405.43
2025-09-19 03:00:00,3.067,3.076,3.046,3.047,15700664.6,48010151.96
2025-09-19 04:00:00,3.047,3.05,3.024,3.049,19706510.65,59826960.9
2025-09-19 05:00:00,3.049,3.054,3.037,3.048,7821921.74,23824854.08
2025-09-19 06:00:00,3.048,3.048,3.026,3.027,11836533.19,35914478.56
2025-09-19 07:00:00,3.027,3.042,3.024,3.038,10982089.0,33341471.52
2025-09-19 08:00:00,3.038,3.047,3.034,3.034,7586866.24,23063405.95
2025-09-19 09:00:00,3.034,3.043,3.024,3.03,8771184.69,26597832.61
2025-09-19 10:00:00,3.03,3.036,3.024,3.031,7572424.9,22939153.47
2025-09-19 11:00:00,3.031,3.033,3.023,3.031,9197061.09,27840799.83
2025-09-19 12:00:00,3.031,3.046,3.03,3.033,10756492.08,32691158.57
2025-09-19 13:00:00,3.033,3.039,3.025,3.034,11442181.73,34697825.23
2025-09-19 14:00:00,3.034,3.038,3.006,3.009,21736538.07,65644382.93
2025-09-19 15:00:00,3.009,3.013,2.989,3.01,24218822.85,72658768.22
2025-09-19 16:00:00,3.01,3.017,3.005,3.01,10812721.18,32573540.4
2025-09-19 17:00:00,3.01,3.011,2.995,2.996,7342225.99,22033681.91
2025-09-19 18:00:00,2.996,3.003,2.988,2.998,7751087.31,23227958.72
2025-09-19 19:00:00,2.998,3.011,2.984,2.986,11799703.18,35340409.96
2025-09-19 20:00:00,2.986,2.995,2.984,2.986,8983426.98,26854943.03
2025-09-19 21:00:00,2.986,2.996,2.979,2.996,7195134.23,21503001.1
2025-09-19 22:00:00,2.996,3.0,2.993,2.993,5021748.96,15050119.79
2025-09-19 23:00:00,2.993,2.993,2.979,2.99,5515998.27,16469912.04
2025-09-20 00:00:00,2.99,3.001,2.985,2.999,4276130.32,12795124.21
2025-09-20 01:00:00,2.999,3.0,2.99,2.992,4420669.15,13238455.91
2025-09-20 02:00:00,2.992,2.995,2.98,2.995,4204557.1,12563477.0
2025-09-20 03:00:00,2.995,2.995,2.985,2.991,4550222.49,13606078.43
2025-09-20 04:00:00,2.991,2.995,2.987,2.993,3952474.95,11822200.1
2025-09-20 05:00:00,2.993,3.003,2.989,3.003,3624465.29,10858276.29
2025-09-20 06:00:00,3.003,3.007,2.996,3.005,4583110.02,13759909.56
2025-09-20 07:00:00,3.005,3.009,2.999,3.009,4434965.72,13327810.15
2025-09-20 08:00:00,3.009,3.009,2.985,2.985,5103934.55,15298896.12
2025-09-20 09:00:00,2.985,2.989,2.975,2.979,9865952.79,29424039.49
2025-09-20 10:00:00,2.979,2.986,2.978,2.979,5622528.34,16760823.91
2025-09-20 11:00:00,2.979,2.989,2.979,2.989,3693702.04,11024444.81
2025-09-20 12:00:00,2.989,2.99,2.982,2.985,4634328.36,13833395.2
2025-09-20 13:00:00,2.985,2.99,2.981,2.984,4591913.22,13708176.42
2025-09-20 14:00:00,2.984,2.985,2.966,2.981,16116949.87,47951535.0
2025-09-20 15:00:00,2.981,2.996,2.98,2.99,15827423.39,47309748.12
2025-09-20 16:00:00,2.99,2.993,2.976,2.992,10073358.8,30074727.1
2025-09-20 17:00:00,2.992,2.992,2.981,2.983,6738865.95,20123219.87
2025-09-20 18:00:00,2.983,2.983,2.971,2.975,6589098.21,19597353.19
2025-09-20 19:00:00,2.975,2.981,2.972,2.975,4466573.4,13292355.89
2025-09-20 20:00:00,2.975,2.979,2.971,2.971,8294085.53,24667399.98
2025-09-20 21:00:00,2.971,2.986,2.971,2.98,5156359.44,15357902.15
2025-09-20 22:00:00,2.98,2.985,2.975,2.982,4569105.63,13616970.26
2025-09-20 23:00:00,2.982,2.983,2.97,2.975,6541891.62,19463521.74
2025-09-21 00:00:00,2.975,2.992,2.973,2.989,9984934.47,29773325.68
2025-09-21 01:00:00,2.989,2.991,2.978,2.98,5058929.53,15103395.87
2025-09-21 02:00:00,2.98,2.991,2.976,2.99,8192147.86,24451207.08
2025-09-21 03:00:00,2.99,2.999,2.988,2.998,5727170.32,17147322.33
2025-09-21 04:00:00,2.998,3.007,2.993,3.007,9971083.35,29889607.99
2025-09-21 05:00:00,3.007,3.014,3.001,3.006,9041356.9,27198313.56
2025-09-21 06:00:00,3.006,3.012,3.0,3.0,5909515.76,17756392.4
2025-09-21 07:00:00,3.0,3.007,2.996,2.997,4720069.43,14169070.39
2025-09-21 08:00:00,2.997,3.0,2.99,2.991,4016418.7,12023549.48
2025-09-21 09:00:00,2.991,2.993,2.962,2.979,11582444.65,34424028.33
2025-09-21 10:00:00,2.979,2.98,2.968,2.968,4493105.9,13366092.18
2025-09-21 11:00:00,2.968,2.981,2.967,2.975,5150805.23,15329234.09
2025-09-21 12:00:00,2.975,2.987,2.973,2.979,4435842.57,13224187.07
2025-09-21 13:00:00,2.979,2.987,2.978,2.986,3307423.58,9868436.31
2025-09-21 14:00:00,2.986,2.988,2.975,2.976,4076823.47,12153069.36
2025-09-21 15:00:00,2.976,2.981,2.97,2.98,3773288.56,11228299.65
2025-09-21 16:00:00,2.98,2.984,2.962,2.965,7264605.09,21573075.67
2025-09-21 17:00:00,2.965,2.974,2.953,2.974,11037202.26,32664190.15
2025-09-21 18:00:00,2.974,2.985,2.973,2.985,4110655.02,12244539.27
2025-09-21 19:00:00,2.985,2.986,2.971,2.982,3714513.41,11060751.8
2025-09-21 20:00:00,2.982,2.985,2.974,2.975,3208207.79,9555230.24
2025-09-21 21:00:00,2.975,2.979,2.967,2.975,3768558.88,11208835.57
2025-09-21 22:00:00,2.975,2.992,2.965,2.991,6675431.86,19894102.3
2025-09-21 23:00:00,2.991,2.993,2.969,2.97,5834960.94,17370335.06
2025-09-22 00:00:00,2.97,2.976,2.901,2.917,57504597.54,168052283.97
2025-09-22 01:00:00,2.917,2.936,2.912,2.917,18485108.75,54011940.08
2025-09-22 02:00:00,2.917,2.922,2.877,2.898,29544415.73,85589916.4
2025-09-22 03:00:00,2.898,2.908,2.893,2.904,13851960.0,40186159.84
2025-09-22 04:00:00,2.904,2.907,2.894,2.894,8404454.69,24379623.76
2025-09-22 05:00:00,2.894,2.896,2.861,2.861,16443619.24,47351078.53
2025-09-22 06:00:00,2.861,2.861,2.755,2.824,123823634.16,344653417.44
2025-09-22 07:00:00,2.824,2.827,2.805,2.806,34032651.5,95777169.95
2025-09-22 08:00:00,2.806,2.824,2.798,2.813,23813909.95,66987286.14
2025-09-22 09:00:00,2.813,2.819,2.798,2.801,20376094.11,57245591.66
2025-09-22 10:00:00,2.801,2.819,2.79,2.816,21873455.82,61383533.49
2025-09-22 11:00:00,2.816,2.822,2.812,2.816,16969826.42,47788804.22
2025-09-22 12:00:00,2.816,2.846,2.804,2.845,23220763.6,65569417.27
2025-09-22 13:00:00,2.845,2.858,2.834,2.857,35512930.98,101102153.63
2025-09-22 14:00:00,2.857,2.869,2.85,2.861,31603323.57,90355232.45
2025-09-22 15:00:00,2.861,2.875,2.85,2.86,33022812.16,94495850.87
2025-09-22 16:00:00,2.86,2.87,2.842,2.845,19997181.99,57145179.54
2025-09-22 17:00:00,2.845,2.868,2.844,2.857,19894808.14,56774322.71
2025-09-22 18:00:00,2.857,2.863,2.833,2.833,18105145.22,51544620.41
2025-09-22 19:00:00,2.833,2.838,2.816,2.834,24754040.61,69998893.69
2025-09-22 20:00:00,2.834,2.843,2.814,2.84,15141886.69,42824841.89
2025-09-22 21:00:00,2.84,2.857,2.829,2.855,8186337.19,23263277.4
2025-09-22 22:00:00,2.855,2.856,2.843,2.846,6735013.73,19190168.46
2025-09-22 23:00:00,2.846,2.853,2.844,2.853,6306202.13,17955206.11
2025-09-23 00:00:00,2.853,2.868,2.847,2.851,8428403.76,24089720.11
2025-09-23 01:00:00,2.851,2.854,2.822,2.823,10321958.3,29294648.75
2025-09-23 02:00:00,2.823,2.837,2.806,2.809,10793098.76,30445152.42
2025-09-23 03:00:00,2.809,2.872,2.8,2.86,23484077.91,66744418.9
2025-09-23 04:00:00,2.86,2.866,2.836,2.856,11161127.2,31811796.18
2025-09-23 05:00:00,2.856,2.875,2.852,2.865,16232146.09,46545876.4
2025-09-23 06:00:00,2.865,2.881,2.86,2.873,18151567.14,52116218.51
2025-09-23 07:00:00,2.873,2.884,2.864,2.865,16000208.02,45949626.94
2025-09-23 08:00:00,2.865,2.87,2.856,2.866,12638063.03,36176904.62
2025-09-23 09:00:00,2.866,2.874,2.85,2.858,12748834.86,36474333.07
2025-09-23 10:00:00,2.858,2.869,2.855,2.864,9987068.08,28583632.33
2025-09-23 11:00:00,2.864,2.868,2.857,2.858,9253999.4,26479172.67
2025-09-23 12:00:00,2.858,2.872,2.853,2.865,11554630.8,33068199.54
2025-09-23 13:00:00,2.865,2.868,2.854,2.859,12222742.28,34965334.16
2025-09-23 14:00:00,2.859,2.878,2.855,2.864,12609189.67,36121702.82
2025-09-23 15:00:00,2.864,2.884,2.859,2.877,13374548.11,38448057.35
2025-09-23 16:00:00,2.877,2.896,2.864,2.886,13996232.21,40308635.33
2025-09-23 17:00:00,2.886,2.887,2.845,2.848,15787873.15,45213953.26
2025-09-23 18:00:00,2.848,2.855,2.838,2.846,11900361.72,33884369.84
2025-09-23 19:00:00,2.846,2.87,2.846,2.853,10299471.03,29443864.15
2025-09-23 20:00:00,2.853,2.86,2.839,2.855,10603672.4,30220113.29
2025-09-23 21:00:00,2.855,2.858,2.835,2.849,5429757.05,15459486.07
2025-09-23 22:00:00,2.849,2.849,2.833,2.835,5760963.98,16368951.58
2025-09-23 23:00:00,2.835,2.836,2.817,2.825,10751352.68,30394536.66
2025-09-24 00:00:00,2.825,2.842,2.821,2.828,7311174.78,20700428.34
2025-09-24 01:00:00,2.828,2.843,2.825,2.841,5381425.86,15256662.69
2025-09-24 02:00:00,2.841,2.842,2.82,2.829,17051870.99,48192676.65
2025-09-24 03:00:00,2.829,2.835,2.807,2.814,16405042.88,46218700.86
2025-09-24 04:00:00,2.814,2.849,2.796,2.841,28226603.67,79483416.36
2025-09-24 05:00:00,2.841,2.861,2.839,2.857,12578902.26,35835543.67
2025-09-24 06:00:00,2.857,2.869,2.851,2.856,14983259.85,42809553.15
2025-09-24 07:00:00,2.856,2.877,2.854,2.874,15311610.43,43915315.25
2025-09-24 08:00:00,2.874,2.88,2.867,2.874,9711696.88,27904141.44
2025-09-24 09:00:00,2.874,2.879,2.87,2.874,7835453.02,22523205.37
2025-09-24 10:00:00,2.874,2.875,2.868,2.872,7783972.09,22355750.63
2025-09-24 11:00:00,2.872,2.884,2.872,2.88,8183000.26,23557106.26
2025-09-24 12:00:00,2.88,2.887,2.875,2.877,8082482.72,23295406.11
2025-09-24 13:00:00,2.877,2.887,2.872,2.877,8796101.9,25322387.82
2025-09-24 14:00:00,2.877,2.926,2.877,2.92,22867472.73,66439326.39
2025-09-24 15:00:00,2.92,2.951,2.908,2.94,24551043.68,71893483.1
2025-09-24 16:00:00,2.94,2.952,2.929,2.946,21578970.03,63481849.83
2025-09-24 17:00:00,2.946,2.956,2.934,2.944,16643351.14,49013840.68
2025-09-24 18:00:00,2.944,2.956,2.94,2.951,11402150.49,33630369.4
2025-09-24 19:00:00,2.951,2.995,2.948,2.976,28270129.9,83978977.29
2025-09-24 20:00:00,2.976,2.978,2.952,2.968,18789734.87,55741741.5
2025-09-24 21:00:00,2.968,2.976,2.941,2.944,12795079.05,37883098.38
2025-09-24 22:00:00,2.944,2.96,2.936,2.942,17573930.7,51789083.48
2025-09-24 23:00:00,2.942,2.948,2.923,2.925,16975610.74,49766608.14
2025-09-25 00:00:00,2.925,2.944,2.911,2.914,19338005.11,56591506.15
2025-09-25 01:00:00,2.914,2.919,2.891,2.896,18677929.3,54245221.25
2025-09-25 02:00:00,2.896,2.917,2.888,2.905,15392467.39,44677496.47
2025-09-25 03:00:00,2.905,2.905,2.87,2.873,15160079.29,43662481.14
2025-09-25 04:00:00,2.873,2.878,2.834,2.845,33579040.48,95705036.37
2025-09-25 05:00:00,2.845,2.866,2.835,2.865,18071915.21,51573782.51
2025-09-25 06:00:00,2.865,2.865,2.844,2.846,14478809.71,41299555.36
2025-09-25 07:00:00,2.846,2.858,2.839,2.842,11534091.31,32859219.24
2025-09-25 08:00:00,2.842,2.855,2.827,2.832,15994645.06,45445452.92
2025-09-25 09:00:00,2.832,2.848,2.825,2.828,18316495.44,51965608.5
2025-09-25 10:00:00,2.828,2.838,2.818,2.818,11897519.38,33636601.57
2025-09-25 11:00:00,2.818,2.824,2.808,2.815,15295489.41,43030288.34
2025-09-25 12:00:00,2.815,2.84,2.796,2.828,39891945.59,112397989.8
2025-09-25 13:00:00,2.828,2.857,2.807,2.827,32722763.98,92731806.51
2025-09-25 14:00:00,2.827,2.861,2.827,2.839,19836167.51,56483733.53
2025-09-25 15:00:00,2.839,2.84,2.82,2.831,14790634.09,41854838.86
2025-09-25 16:00:00,2.831,2.838,2.788,2.791,22331727.43,62756234.22
2025-09-25 17:00:00,2.791,2.794,2.726,2.737,69130910.1,190847165.56
2025-09-25 18:00:00,2.737,2.8,2.734,2.8,39457965.39,109198541.41
2025-09-25 19:00:00,2.8,2.814,2.748,2.761,26668186.44,74189074.38
2025-09-25 20:00:00,2.761,2.772,2.746,2.748,17585837.74,48516034.16
2025-09-25 21:00:00,2.748,2.764,2.734,2.757,16431168.8,45167680.57
2025-09-25 22:00:00,2.757,2.768,2.745,2.754,11998776.07,33066865.13
2025-09-25 23:00:00,2.754,2.765,2.734,2.744,21130229.64,58002822.92
2025-09-26 00:00:00,2.744,2.772,2.739,2.768,15334066.38,42224557.54
2025-09-26 01:00:00,2.768,2.777,2.758,2.768,16061744.49,44448230.14
2025-09-26 02:00:00,2.768,2.778,2.75,2.759,11321687.51,31256970.44
2025-09-26 03:00:00,2.759,2.764,2.744,2.761,9662601.68,26604302.44
2025-09-26 04:00:00,2.761,2.766,2.754,2.763,6456197.1,17814334.46
2025-09-26 05:00:00,2.763,2.775,2.751,2.753,10362989.8,28628067.48
2025-09-26 06:00:00,2.753,2.772,2.738,2.755,22527860.84,62086046.67
2025-09-26 07:00:00,2.755,2.767,2.739,2.755,30469427.88,83819257.53
2025-09-26 08:00:00,2.755,2.768,2.755,2.759,10917439.15,30151081.53
2025-09-26 09:00:00,2.759,2.766,2.738,2.749,18352621.29,50467432.78
2025-09-26 10:00:00,2.749,2.749,2.71,2.71,26486943.4,72165207.95
2025-09-26 11:00:00,2.71,2.733,2.699,2.728,30753127.84,83312284.74
2025-09-26 12:00:00,2.728,2.775,2.706,2.753,39388036.9,108160852.24
2025-09-26 13:00:00,2.753,2.767,2.733,2.761,24364745.97,67040528.28
2025-09-26 14:00:00,2.761,2.763,2.7,2.707,31239896.39,85007482.09
2025-09-26 15:00:00,2.707,2.748,2.706,2.735,23313287.0,63717555.81
2025-09-26 16:00:00,2.735,2.766,2.732,2.763,17722120.25,48764219.99
2025-09-26 17:00:00,2.763,2.797,2.763,2.793,26054625.88,72531784.98
2025-09-26 18:00:00,2.793,2.809,2.791,2.803,16658514.92,46660321.74
2025-09-26 19:00:00,2.803,2.806,2.772,2.792,23999975.25,66913809.43
2025-09-26 20:00:00,2.792,2.797,2.777,2.778,12117971.55,33768545.71
2025-09-26 21:00:00,2.778,2.789,2.77,2.786,14324971.37,39796324.75
2025-09-26 22:00:00,2.786,2.793,2.781,2.782,7427823.74,20703663.01
2025-09-26 23:00:00,2.782,2.789,2.775,2.783,5986457.66,16661210.58
2025-09-27 00:00:00,2.783,2.783,2.773,2.78,6432030.31,17867040.34
2025-09-27 01:00:00,2.78,2.783,2.767,2.773,7796933.37,21627695.68
2025-09-27 02:00:00,2.773,2.784,2.77,2.778,6144610.57,17051827.32
2025-09-27 03:00:00,2.778,2.79,2.777,2.784,7219004.62,20113106.85
2025-09-27 04:00:00,2.784,2.79,2.779,2.784,6498390.35,18094304.13
2025-09-27 05:00:00,2.784,2.791,2.776,2.79,4337980.51,12072211.41
2025-09-27 06:00:00,2.79,2.797,2.786,2.797,5017675.67,14000805.37
2025-09-27 07:00:00,2.797,2.801,2.779,2.781,6394162.04,17830390.08
2025-09-27 08:00:00,2.781,2.782,2.768,2.77,6533823.27,18123010.83
2025-09-27 09:00:00,2.77,2.783,2.762,2.782,7208898.61,19995273.44
2025-09-27 10:00:00,2.782,2.794,2.778,2.788,4819320.23,13433337.63
2025-09-27 11:00:00,2.788,2.789,2.775,2.777,3280668.24,9124790.19
2025-09-27 12:00:00,2.777,2.789,2.774,2.784,5209935.53,14488036.61
2025-09-27 13:00:00,2.784,2.787,2.78,2.781,5201355.89,14478426.78
2025-09-27 14:00:00,2.781,2.786,2.78,2.782,3026210.28,8420662.22
2025-09-27 15:00:00,2.782,2.785,2.773,2.784,4589356.87,12750663.14
2025-09-27 16:00:00,2.784,2.785,2.775,2.776,4296080.44,11944629.16
2025-09-27 17:00:00,2.776,2.785,2.763,2.784,7888060.96,21874334.0
2025-09-27 18:00:00,2.784,2.79,2.782,2.79,5860653.13,16331382.19
2025-09-27 19:00:00,2.79,2.794,2.787,2.79,5569513.23,15542496.33
2025-09-27 20:00:00,2.79,2.798,2.787,2.798,4084583.31,11412268.28
2025-09-27 21:00:00,2.798,2.799,2.788,2.798,4800911.19,13409276.17
2025-09-27 22:00:00,2.798,2.829,2.798,2.819,12813755.43,36064731.84
2025-09-27 23:00:00,2.819,2.826,2.804,2.804,7702604.39,21665701.21
2025-09-28 00:00:00,2.804,2.815,2.792,2.8,25906239.58,72561326.6
2025-09-28 01:00:00,2.8,2.803,2.785,2.788,6815191.18,19040247.61
2025-09-28 02:00:00,2.788,2.794,2.781,2.787,3533143.96,9848872.8
2025-09-28 03:00:00,2.787,2.791,2.777,2.783,3273801.25,9112374.11
2025-09-28 04:00:00,2.783,2.79,2.779,2.789,2944092.29,8196808.16
2025-09-28 05:00:00,2.789,2.795,2.781,2.781,3701108.43,10313153.11
2025-09-28 06:00:00,2.781,2.79,2.775,2.79,4913238.3,13668239.94
2025-09-28 07:00:00,2.79,2.79,2.783,2.787,3443510.34,9594913.89
2025-09-28 08:00:00,2.787,2.794,2.781,2.787,6466632.11,18031047.65
2025-09-28 09:00:00,2.787,2.79,2.773,2.777,5120914.57,14240576.04
2025-09-28 10:00:00,2.777,2.785,2.771,2.781,4401123.59,12224132.13
2025-09-28 11:00:00,2.781,2.781,2.771,2.776,4398212.49,12204626.03
2025-09-28 12:00:00,2.776,2.777,2.766,2.77,7020164.66,19451710.55
2025-09-28 13:00:00,2.77,2.79,2.767,2.786,5581407.15,15513085.69
2025-09-28 14:00:00,2.786,2.797,2.779,2.796,4741173.92,13212185.9
2025-09-28 15:00:00,2.796,2.813,2.793,2.811,9403744.95,26380481.93
2025-09-28 16:00:00,2.811,2.834,2.805,2.832,11978311.27,33706586.21
2025-09-28 17:00:00,2.832,2.833,2.821,2.824,9114719.86,25776531.53
2025-09-28 18:00:00,2.824,2.831,2.816,2.83,3863876.62,10907779.11
2025-09-28 19:00:00,2.83,2.833,2.822,2.828,3471867.79,9819551.18
2025-09-28 20:00:00,2.828,2.846,2.826,2.843,5719739.69,16234621.64
2025-09-28 21:00:00,2.843,2.851,2.833,2.839,8244433.36,23426824.32
2025-09-28 22:00:00,2.839,2.864,2.839,2.858,15795930.75,45091676.71
2025-09-28 23:00:00,2.858,2.868,2.858,2.868,6188922.99,17717689.91
2025-09-29 00:00:00,2.868,2.868,2.853,2.862,7940805.08,22702347.2
2025-09-29 01:00:00,2.862,2.867,2.856,2.857,6381553.37,18265736.6
2025-09-29 02:00:00,2.857,2.884,2.848,2.875,21604400.63,61972048.37
2025-09-29 03:00:00,2.875,2.876,2.857,2.863,9388294.61,26866756.36
2025-09-29 04:00:00,2.863,2.865,2.852,2.86,7862284.26,22479224.21
2025-09-29 05:00:00,2.86,2.862,2.851,2.859,6787638.56,19380064.42
2025-09-29 06:00:00,2.859,2.87,2.846,2.868,12164647.57,34767715.54
2025-09-29 07:00:00,2.868,2.905,2.865,2.887,22567711.84,65176425.13
2025-09-29 08:00:00,2.887,2.892,2.883,2.884,9433395.4,27239852.29
2025-09-29 09:00:00,2.884,2.884,2.867,2.87,6378150.73,18340503.13
2025-09-29 10:00:00,2.87,2.871,2.856,2.86,6355821.6,18198652.46
2025-09-29 11:00:00,2.86,2.865,2.853,2.855,5979260.51,17093701.94
2025-09-29 12:00:00,2.855,2.869,2.847,2.849,9048402.28,25843682.28
2025-09-29 13:00:00,2.849,2.886,2.846,2.881,18240780.45,52345650.11
2025-09-29 14:00:00,2.881,2.929,2.879,2.908,31790534.54,92358176.01
2025-09-29 15:00:00,2.908,2.911,2.884,2.894,11247597.26,32563054.6
2025-09-29 16:00:00,2.894,2.9,2.877,2.879,11394554.5,32942608.98
2025-09-29 17:00:00,2.879,2.886,2.866,2.882,14006822.7,40300886.99
2025-09-29 18:00:00,2.882,2.883,2.867,2.876,7126943.38,20477947.25
2025-09-29 19:00:00,2.876,2.903,2.872,2.897,17491721.91,50500436.61
2025-09-29 20:00:00,2.897,2.914,2.89,2.905,15519457.06,45056172.11
2025-09-29 21:00:00,2.905,2.908,2.891,2.894,8479822.99,24580348.49
2025-09-29 22:00:00,2.894,2.897,2.884,2.887,9142764.03,26411447.16
2025-09-29 23:00:00,2.887,2.891,2.879,2.88,6789906.64,19580951.43
2025-09-30 00:00:00,2.88,2.891,2.873,2.875,11795487.13,33980173.51
2025-09-30 01:00:00,2.875,2.892,2.868,2.881,11001681.34,31671582.66
2025-09-30 02:00:00,2.881,2.889,2.875,2.881,6638766.59,19136083.88
2025-09-30 03:00:00,2.881,2.885,2.873,2.876,5100121.58,14676997.28
2025-09-30 04:00:00,2.876,2.883,2.874,2.881,4882215.17,14051039.57
2025-09-30 05:00:00,2.881,2.902,2.879,2.894,11726618.28,33918132.63
2025-09-30 06:00:00,2.894,2.907,2.888,2.899,9645844.95,27965458.52
2025-09-30 07:00:00,2.899,2.9,2.872,2.874,8647000.87,24957364.74
2025-09-30 08:00:00,2.874,2.875,2.853,2.855,9999687.43,28638866.8
2025-09-30 09:00:00,2.855,2.86,2.837,2.839,12306555.04,35069551.7
2025-09-30 10:00:00,2.839,2.848,2.836,2.841,9489109.01,26973414.67
2025-09-30 11:00:00,2.841,2.851,2.834,2.847,6821462.0,19392887.05
2025-09-30 12:00:00,2.847,2.856,2.844,2.849,5505321.15,15697273.73
2025-09-30 13:00:00,2.849,2.863,2.839,2.845,13208804.45,37623436.47
2025-09-30 14:00:00,2.845,2.85,2.83,2.848,11390981.44,32350691.24
2025-09-30 15:00:00,2.848,2.848,2.813,2.828,18274237.39,51622809.17
2025-09-30 16:00:00,2.828,2.838,2.817,2.825,10652194.68,30117397.33
2025-09-30 17:00:00,2.825,2.84,2.818,2.828,16554397.22,46802885.86
2025-09-30 18:00:00,2.828,2.842,2.821,2.84,13952001.65,39543938.57
2025-09-30 19:00:00,2.84,2.871,2.839,2.864,16780375.58,47910487.36
2025-09-30 20:00:00,2.864,2.874,2.859,2.872,10874266.03,31156277.24
2025-09-30 21:00:00,2.872,2.879,2.851,2.853,12975824.26,37179702.51
2025-09-30 22:00:00,2.853,2.864,2.839,2.842,9771536.63,27877599.07
2025-09-30 23:00:00,2.842,2.848,2.834,2.847,6986325.91,19847645.47
2025-10-01 00:00:00,2.847,2.852,2.828,2.838,7377463.65,20950129.3
2025-10-01 01:00:00,2.838,2.86,2.836,2.858,10507414.95,29914803.18
2025-10-01 02:00:00,2.858,2.858,2.84,2.842,6497410.07,18502643.8
2025-10-01 03:00:00,2.842,2.842,2.814,2.819,10452989.72,29553870.97
2025-10-01 04:00:00,2.819,2.845,2.817,2.836,12596099.03,35718977.97
2025-10-01 05:00:00,2.836,2.854,2.835,2.846,9580903.56,27263203.89
2025-10-01 06:00:00,2.846,2.85,2.831,2.832,9575504.83,27195119.99
2025-10-01 07:00:00,2.832,2.857,2.831,2.854,11585308.54,32995022.01
2025-10-01 08:00:00,2.854,2.919,2.852,2.917,29879866.67,86439282.87
2025-10-01 09:00:00,2.917,2.952,2.908,2.941,30184645.57,88444362.48
2025-10-01 10:00:00,2.941,2.942,2.92,2.93,16390624.2,48026983.85
2025-10-01 11:00:00,2.93,2.946,2.93,2.944,9439655.39,27745344.89
2025-10-01 12:00:00,2.944,2.945,2.928,2.936,18186905.5,53404099.26
2025-10-01 13:00:00,2.936,2.954,2.934,2.939,25355939.96,74669506.8
2025-10-01 14:00:00,2.939,2.958,2.932,2.943,21173029.1,62353363.6
2025-10-01 15:00:00,2.943,2.946,2.933,2.942,10783717.97,31714267.72
2025-10-01 16:00:00,2.942,2.949,2.935,2.938,13434255.81,39521653.21
2025-10-01 17:00:00,2.938,2.945,2.92,2.92,12261140.38,35956208.54
2025-10-01 18:00:00,2.92,2.942,2.92,2.936,9249747.91,27122062.98
2025-10-01 19:00:00,2.936,2.962,2.935,2.954,12035335.98,35510976.16
2025-10-01 20:00:00,2.954,2.955,2.938,2.947,8485458.93,25008906.32
2025-10-01 21:00:00,2.947,2.948,2.926,2.928,8703510.23,25539193.4
2025-10-01 22:00:00,2.928,2.94,2.927,2.93,8738775.26,25623336.75
2025-10-01 23:00:00,2.93,2.951,2.928,2.948,8494049.85,24972097.74
2025-10-02 00:00:00,2.948,2.962,2.94,2.943,14869210.25,43889277.97
2025-10-02 01:00:00,2.943,2.976,2.942,2.97,11858511.02,35128434.3
2025-10-02 02:00:00,2.97,2.981,2.96,2.976,12733945.76,37837650.88
2025-10-02 03:00:00,2.976,2.988,2.967,2.972,11860024.33,35327904.72
2025-10-02 04:00:00,2.972,2.98,2.954,2.968,10560716.31,31312694.35
2025-10-02 05:00:00,2.968,2.98,2.958,2.965,21032444.36,62445678.4
2025-10-02 06:00:00,2.965,2.983,2.963,2.979,14737196.16,43833490.83
2025-10-02 07:00:00,2.979,2.986,2.966,2.969,11579905.99,34460133.21
2025-10-02 08:00:00,2.969,2.991,2.967,2.989,14598470.43,43518411.47
2025-10-02 09:00:00,2.989,2.992,2.976,2.984,9517400.61,28404282.27
2025-10-02 10:00:00,2.984,2.994,2.979,2.989,8878675.17,26514149.58
2025-10-02 11:00:00,2.989,2.996,2.969,2.972,12921402.46,38597938.51
2025-10-02 12:00:00,2.972,2.988,2.968,2.987,11372084.87,33892044.84
2025-10-02 13:00:00,2.987,2.989,2.963,2.986,21795033.33,64905603.73
2025-10-02 14:00:00,2.986,2.994,2.948,2.957,21333540.02,63338501.96
2025-10-02 15:00:00,2.957,2.993,2.946,2.992,22475033.12,66755332.88
2025-10-02 16:00:00,2.992,3.059,2.987,3.045,52896961.46,160113255.09
2025-10-02 17:00:00,3.045,3.056,3.031,3.035,18337374.2,55805192.96
2025-10-02 18:00:00,3.035,3.064,3.035,3.062,18540857.92,56546354.45
2025-10-02 19:00:00,3.062,3.1,3.059,3.09,31032258.01,95607006.66
2025-10-02 20:00:00,3.09,3.09,3.052,3.059,21182307.73,64962481.34
2025-10-02 21:00:00,3.059,3.066,3.037,3.04,12501596.69,38120073.55
2025-10-02 22:00:00,3.04,3.048,3.027,3.032,19236905.73,58442819.76
2025-10-02 23:00:00,3.032,3.041,3.026,3.039,13523664.92,41044874.72
2025-10-03 00:00:00,3.039,3.039,3.013,3.019,16594603.3,50180748.58
2025-10-03 01:00:00,3.019,3.026,3.005,3.006,13757515.21,41451980.42
2025-10-03 02:00:00,3.006,3.025,3.004,3.022,11065889.48,33360903.84
2025-10-03 03:00:00,3.022,3.039,3.019,3.02,12286321.77,37215521.56
2025-10-03 04:00:00,3.02,3.032,3.016,3.029,8042464.18,24318983.01
2025-10-03 05:00:00,3.029,3.031,3.014,3.021,7648906.86,23104939.57
2025-10-03 06:00:00,3.021,3.035,3.013,3.023,12302149.61,37201312.23
2025-10-03 07:00:00,3.023,3.034,3.019,3.034,13492381.28,40837022.8
2025-10-03 08:00:00,3.034,3.058,3.023,3.054,18273817.77,55618730.95
2025-10-03 09:00:00,3.054,3.054,3.036,3.041,8807859.45,26806677.18
2025-10-03 10:00:00,3.041,3.05,3.039,3.045,13389585.27,40755778.88
2025-10-03 11:00:00,3.045,3.048,3.031,3.038,7778879.61,23638110.07
2025-10-03 12:00:00,3.038,3.041,3.022,3.023,8368495.35,25367449.11
2025-10-03 13:00:00,3.023,3.033,3.011,3.026,16077655.46,48589346.39
2025-10-03 14:00:00,3.026,3.048,3.008,3.043,15723755.06,47606489.78
2025-10-03 15:00:00,3.043,3.073,3.026,3.069,20939779.01,63912575.49
2025-10-03 16:00:00,3.069,3.095,3.059,3.062,40345561.21,124358606.82
2025-10-03 17:00:00,3.062,3.063,3.022,3.029,49471609.53,150363859.31
2025-10-03 18:00:00,3.029,3.052,3.02,3.046,11221139.37,34097769.28
2025-10-03 19:00:00,3.046,3.054,3.032,3.035,11432971.55,34794440.05
2025-10-03 20:00:00,3.035,3.04,3.021,3.038,11043067.27,33465188.29
2025-10-03 21:00:00,3.038,3.056,3.037,3.047,12093546.58,36875020.56
2025-10-03 22:00:00,3.047,3.054,3.045,3.048,10810142.42,32966720.94
2025-10-03 23:00:00,3.048,3.051,3.037,3.04,6739669.88,20520264.7
2025-10-04 00:00:00,3.04,3.052,3.038,3.043,10585007.18,32232516.61
2025-10-04 01:00:00,3.043,3.045,3.02,3.024,9256185.15,28049718.14
2025-10-04 02:00:00,3.024,3.033,3.016,3.021,7761691.01,23463958.61
2025-10-04 03:00:00,3.021,3.024,3.008,3.023,9573700.77,28863428.92
2025-10-04 04:00:00,3.023,3.027,3.015,3.018,5338040.47,16121396.73
2025-10-04 05:00:00,3.018,3.029,3.017,3.024,5309895.67,16050762.79
2025-10-04 06:00:00,3.024,3.03,3.023,3.027,5252921.0,15899374.45
2025-10-04 07:00:00,3.027,3.032,3.018,3.018,4972735.59,15042074.24
2025-10-04 08:00:00,3.018,3.022,2.994,3.0,14783978.89,44413758.15
2025-10-04 09:00:00,3.0,3.008,2.995,2.996,6415271.72,19260324.56
2025-10-04 10:00:00,2.996,3.005,2.983,2.988,9901707.77,29632194.36
2025-10-04 11:00:00,2.988,2.994,2.983,2.99,7298673.81,21810393.88
2025-10-04 12:00:00,2.99,2.995,2.983,2.984,7333959.42,21925846.82
2025-10-04 13:00:00,2.984,3.006,2.984,2.993,9496632.2,28475380.68
2025-10-04 14:00:00,2.993,2.999,2.966,2.967,14480252.71,43181407.46
2025-10-04 15:00:00,2.967,2.973,2.941,2.949,27306351.22,80666107.14
2025-10-04 16:00:00,2.949,2.955,2.939,2.946,12048828.72,35517587.1
2025-10-04 17:00:00,2.946,2.957,2.942,2.948,8393673.57,24757778.67
2025-10-04 18:00:00,2.948,2.949,2.94,2.944,5293012.25,15582318.75
2025-10-04 19:00:00,2.944,2.951,2.942,2.95,5138246.56,15137444.16
2025-10-04 20:00:00,2.95,2.958,2.946,2.947,6650449.11,19625197.06
2025-10-04 21:00:00,2.947,2.965,2.946,2.961,5907313.02,17472910.83
2025-10-04 22:00:00,2.961,2.971,2.954,2.969,6082059.98,18027257.79
2025-10-04 23:00:00,2.969,2.973,2.963,2.968,3321646.07,9859005.25
2025-10-05 00:00:00,2.968,2.974,2.956,2.957,5030694.83,14914132.55
2025-10-05 01:00:00,2.957,2.97,2.956,2.964,5273865.08,15632458.92
2025-10-05 02:00:00,2.964,3.007,2.96,3.005,15431446.67,46134826.95
2025-10-05 03:00:00,3.005,3.026,3.003,3.007,18314838.37,55208002.82
2025-10-05 04:00:00,3.007,3.044,3.005,3.034,20653128.73,62538868.39
2025-10-05 05:00:00,3.034,3.042,3.026,3.036,13754881.6,41724708.67
2025-10-05 06:00:00,3.036,3.04,3.027,3.034,11304807.5,34310963.58
2025-10-05 07:00:00,3.034,3.067,3.033,3.063,18197029.96,55509379.84
2025-10-05 08:00:00,3.063,3.071,3.046,3.047,15897192.73,48612408.49
2025-10-05 09:00:00,3.047,3.052,3.017,3.024,22778627.23,69106425.85
2025-10-05 10:00:00,3.024,3.025,3.002,3.016,15301738.79,46095657.96
2025-10-05 11:00:00,3.016,3.023,3.006,3.022,8288854.7,24995464.72
2025-10-05 12:00:00,3.022,3.022,3.006,3.007,7683185.33,23141655.21
2025-10-05 13:00:00,3.007,3.014,2.997,3.005,8509736.98,25583607.76
2025-10-05 14:00:00,3.005,3.01,2.986,2.995,10511861.76,31507659.76
2025-10-05 15:00:00,2.995,3.016,2.993,3.012,6549832.17,19678041.05
2025-10-05 16:00:00,3.012,3.015,2.983,3.002,9351897.36,28035950.0
2025-10-05 17:00:00,3.002,3.008,2.981,2.988,7447982.26,22317107.16
2025-10-05 18:00:00,2.988,2.991,2.969,2.975,12430433.08,37006668.72
2025-10-05 19:00:00,2.975,2.975,2.949,2.953,16308954.38,48236124.72
2025-10-05 20:00:00,2.953,2.974,2.947,2.97,11216720.52,33232776.4
2025-10-05 21:00:00,2.97,2.98,2.963,2.976,9304895.82,27660650.0
2025-10-05 22:00:00,2.976,2.985,2.958,2.967,11693410.68,34676576.76
2025-10-05 23:00:00,2.967,2.979,2.964,2.969,6609339.03,19638969.76
2025-10-06 00:00:00,2.969,2.992,2.955,2.963,15459918.6,45940031.02
2025-10-06 01:00:00,2.963,2.988,2.955,2.979,9116471.04,27134005.32
2025-10-06 02:00:00,2.979,2.992,2.962,2.981,10631106.63,31641846.37
2025-10-06 03:00:00,2.981,2.984,2.974,2.978,8120685.76,24188879.83
2025-10-06 04:00:00,2.978,2.982,2.966,2.968,6082993.64,18085474.45
2025-10-06 05:00:00,2.968,2.976,2.962,2.973,5688598.66,16885660.88
2025-10-06 06:00:00,2.973,3.0,2.973,2.99,10125126.96,30269670.58
2025-10-06 07:00:00,2.99,2.997,2.965,2.974,9864118.66,29403082.44
2025-10-06 08:00:00,2.974,2.992,2.974,2.988,7835766.0,23384814.72
2025-10-06 09:00:00,2.988,2.994,2.986,2.992,9891067.04,29582711.2
2025-10-06 10:00:00,2.992,2.997,2.985,2.994,8641579.07,25852606.18
2025-10-06 11:00:00,2.994,3.009,2.986,2.995,12874823.11,38603207.71
2025-10-06 12:00:00,2.995,3.009,2.995,3.001,11998745.28,36029292.42
2025-10-06 13:00:00,3.001,3.01,2.99,3.009,18863483.14,56578957.83
2025-10-06 14:00:00,3.009,3.022,2.985,2.988,26863521.81,80722977.61
2025-10-06 15:00:00,2.988,3.039,2.988,3.031,34696150.76,104853455.94
2025-10-06 16:00:00,3.031,3.04,3.022,3.033,14611916.8,44260484.81
2025-10-06 17:00:00,3.033,3.047,3.028,3.036,16726773.23,50818090.38
2025-10-06 18:00:00,3.036,3.048,3.033,3.045,11423841.99,34723153.82
2025-10-06 19:00:00,3.045,3.05,3.023,3.025,16013073.2,48628953.66
2025-10-06 20:00:00,3.025,3.034,3.007,3.009,14324170.17,43213431.11
2025-10-06 21:00:00,3.009,3.015,2.998,3.007,13890386.05,41740413.28
2025-10-06 22:00:00,3.007,3.012,2.993,3.001,15296953.42,45900219.84
2025-10-06 23:00:00,3.001,3.002,2.987,2.988,11820633.63,35372769.02
2025-10-07 00:00:00,2.988,2.995,2.981,2.994,9880719.65,29528822.84
2025-10-07 01:00:00,2.994,3.001,2.978,2.989,9411953.76,28130346.6
2025-10-07 02:00:00,2.989,2.995,2.978,2.985,8018156.11,23945450.41
2025-10-07 03:00:00,2.985,2.99,2.977,2.986,6941327.0,20705516.4
2025-10-07 04:00:00,2.986,2.996,2.975,2.993,9512374.72,28395021.69
2025-10-07 05:00:00,2.993,3.001,2.987,2.991,9601475.64,28742948.33
2025-10-07 06:00:00,2.991,2.991,2.966,2.968,16384078.23,48735385.58
2025-10-07 07:00:00,2.968,2.974,2.962,2.972,9292075.61,27576951.95
2025-10-07 08:00:00,2.972,2.972,2.955,2.965,15517674.89,45972644.75
2025-10-07 09:00:00,2.965,2.974,2.964,2.973,10085886.1,29960822.57
2025-10-07 10:00:00,2.973,2.981,2.968,2.976,8208044.97,24420061.7
2025-10-07 11:00:00,2.976,2.98,2.969,2.97,12178887.53,36227085.14
2025-10-07 12:00:00,2.97,2.991,2.967,2.986,11720937.37,34881586.49
2025-10-07 13:00:00,2.986,2.991,2.942,2.954,38972145.72,115433913.56
2025-10-07 14:00:00,2.954,2.957,2.903,2.909,51056481.32,149191964.75
2025-10-07 15:00:00,2.909,2.917,2.864,2.885,56515764.12,163320235.23
2025-10-07 16:00:00,2.885,2.904,2.873,2.889,30065797.41,86809627.97
2025-10-07 17:00:00,2.889,2.894,2.877,2.878,13864488.56,40015018.02
2025-10-07 18:00:00,2.878,2.882,2.86,2.86,13831983.93,39698559.46
2025-10-07 19:00:00,2.86,2.872,2.849,2.857,20789406.97,59500075.44
2025-10-07 20:00:00,2.857,2.882,2.855,2.872,14728767.22,42303870.31
2025-10-07 21:00:00,2.872,2.881,2.866,2.873,8221910.9,23625756.84
2025-10-07 22:00:00,2.873,2.877,2.862,2.867,8898088.83,25528897.56
2025-10-07 23:00:00,2.867,2.867,2.85,2.852,12152279.27,34707107.16
2025-10-08 00:00:00,2.852,2.877,2.852,2.87,14728011.22,42252971.54
2025-10-08 01:00:00,2.87,2.876,2.864,2.872,8367446.2,24017258.43
2025-10-08 02:00:00,2.872,2.879,2.867,2.869,8303098.02,23853494.65
2025-10-08 03:00:00,2.869,2.869,2.841,2.846,14195284.97,40467543.23
2025-10-08 04:00:00,2.846,2.864,2.833,2.862,11104079.21,31655003.54
2025-10-08 05:00:00,2.862,2.862,2.846,2.855,8267114.06,23591280.17
2025-10-08 06:00:00,2.855,2.864,2.843,2.862,10543636.71,30082174.41
2025-10-08 07:00:00,2.862,2.863,2.848,2.858,9145124.98,26101515.11
2025-10-08 08:00:00,2.858,2.877,2.856,2.868,10758156.81,30829810.2
2025-10-08 09:00:00,2.868,2.872,2.863,2.87,7076763.99,20288263.24
2025-10-08 10:00:00,2.87,2.878,2.866,2.877,7512143.49,21580178.51
2025-10-08 11:00:00,2.877,2.881,2.871,2.876,7292897.84,20975368.68
2025-10-08 12:00:00,2.876,2.882,2.871,2.875,7351600.04,21138548.24
2025-10-08 13:00:00,2.875,2.879,2.852,2.873,12835362.7,36807491.43
2025-10-08 14:00:00,2.873,2.893,2.857,2.862,16328826.04,46997825.17
2025-10-08 15:00:00,2.862,2.873,2.86,2.866,7101243.05,20349375.65
2025-10-08 16:00:00,2.866,2.884,2.863,2.883,9533184.62,27392076.62
2025-10-08 17:00:00,2.883,2.925,2.882,2.92,18911798.07,55029518.17
2025-10-08 18:00:00,2.92,2.922,2.903,2.908,11689046.83,34033860.98
2025-10-08 19:00:00,2.908,2.913,2.898,2.909,8556245.23,24858322.66
2025-10-08 20:00:00,2.909,2.912,2.892,2.893,5401348.64,15681776.88
2025-10-08 21:00:00,2.893,2.903,2.892,2.897,4128488.57,11965796.49
2025-10-08 22:00:00,2.897,2.901,2.894,2.895,4593941.81,13312954.08
2025-10-08 23:00:00,2.895,2.895,2.876,2.88,9059313.73,26138518.96
2025-10-09 00:00:00,2.88,2.88,2.864,2.866,11494171.89,32988004.27
2025-10-09 01:00:00,2.866,2.867,2.85,2.858,9543356.43,27276117.04
2025-10-09 02:00:00,2.858,2.86,2.825,2.83,14299787.98,40595500.23
2025-10-09 03:00:00,2.83,2.846,2.829,2.844,7838226.72,22255431.66
2025-10-09 04:00:00,2.844,2.849,2.837,2.846,6121826.01,17403445.91
2025-10-09 05:00:00,2.846,2.847,2.826,2.834,10968270.44,31084101.02
2025-10-09 06:00:00,2.834,2.834,2.82,2.824,11535961.06,32618993.84
2025-10-09 07:00:00,2.824,2.83,2.814,2.817,9956626.37,28099919.23
2025-10-09 08:00:00,2.817,2.819,2.786,2.788,25179756.4,70495464.49
2025-10-09 09:00:00,2.788,2.811,2.788,2.809,17509841.53,49072932.83
2025-10-09 10:00:00,2.809,2.819,2.802,2.811,12322641.5,34642742.97
2025-10-09 11:00:00,2.811,2.828,2.811,2.827,10727570.74,30270526.89
2025-10-09 12:00:00,2.827,2.841,2.823,2.83,11253420.54,31850477.79
2025-10-09 13:00:00,2.83,2.834,2.813,2.816,14677670.52,41449193.82
2025-10-09 14:00:00,2.816,2.823,2.79,2.813,21966349.55,61648936.22
2025-10-09 15:00:00,2.813,2.826,2.795,2.802,14504651.49,40755216.87
2025-10-09 16:00:00,2.802,2.809,2.774,2.778,18932975.64,52853109.32
2025-10-09 17:00:00,2.778,2.806,2.776,2.805,17191926.56,48008083.29
2025-10-09 18:00:00,2.805,2.809,2.784,2.785,10832777.71,30304330.3
2025-10-09 19:00:00,2.785,2.802,2.775,2.789,13097038.41,36510834.85
2025-10-09 20:00:00,2.789,2.797,2.783,2.795,11123156.41,31031643.49
2025-10-09 21:00:00,2.795,2.802,2.786,2.798,8900098.87,24874935.15
2025-10-09 22:00:00,2.798,2.817,2.797,2.815,9468745.78,26590873.98
2025-10-09 23:00:00,2.815,2.816,2.802,2.802,5195651.86,14578326.93
2025-10-10 00:00:00,2.802,2.817,2.801,2.811,6724402.09,18896183.56
2025-10-10 01:00:00,2.811,2.818,2.806,2.81,5972678.5,16790819.3
2025-10-10 02:00:00,2.81,2.812,2.792,2.797,9340205.05,26170007.6
2025-10-10 03:00:00,2.797,2.83,2.791,2.813,12648089.18,35600793.66
2025-10-10 04:00:00,2.813,2.824,2.808,2.815,10972558.17,30881434.07
2025-10-10 05:00:00,2.815,2.83,2.804,2.826,8679587.53,24455490.9
2025-10-10 06:00:00,2.826,2.831,2.811,2.816,10010613.19,28240343.6
2025-10-10 07:00:00,2.816,2.818,2.799,2.803,12866847.55,36121419.32
2025-10-10 08:00:00,2.803,2.822,2.799,2.82,8471136.25,23835498.91
2025-10-10 09:00:00,2.82,2.83,2.812,2.813,9982569.22,28156391.12
2025-10-10 10:00:00,2.813,2.82,2.808,2.819,8269879.92,23277991.28
2025-10-10 11:00:00,2.819,2.822,2.816,2.819,8062180.0,22729739.5
2025-10-10 12:00:00,2.819,2.822,2.81,2.818,5896221.32,16601733.36
2025-10-10 13:00:00,2.818,2.837,2.818,2.827,12168737.15,34389991.24
2025-10-10 14:00:00,2.827,2.835,2.799,2.801,16991324.48,47810941.41
2025-10-10 15:00:00,2.801,2.801,2.719,2.742,100470719.23,276360601.08
2025-10-10 16:00:00,2.742,2.765,2.728,2.73,36788548.06,100842523.93
2025-10-10 17:00:00,2.73,2.733,2.711,2.723,24634663.83,67052020.98
2025-10-10 18:00:00,2.723,2.732,2.704,2.708,17441110.4,47375419.29
2025-10-10 19:00:00,2.708,2.712,2.651,2.677,74978605.22,200704819.89
2025-10-10 20:00:00,2.677,2.698,2.526,2.528,77611634.26,203633995.58
2025-10-10 21:00:00,2.528,2.568,1.639,2.322,305852378.03,671297798.14
2025-10-10 22:00:00,2.322,2.374,2.117,2.352,140184313.04,321845359.7
2025-10-10 23:00:00,2.352,2.442,2.318,2.368,131391433.7,310978133.45
2025-10-11 00:00:00,2.368,2.416,2.301,2.387,75523624.87,178623405.13
2025-10-11 01:00:00,2.387,2.388,2.306,2.333,55502147.0,130057144.54
2025-10-11 02:00:00,2.333,2.456,2.331,2.436,47904452.63,115423235.72
2025-10-11 03:00:00,2.436,2.442,2.36,2.397,45345635.1,108113786.89
2025-10-11 04:00:00,2.397,2.448,2.395,2.442,26639052.7,64356755.64
2025-10-11 05:00:00,2.442,2.448,2.39,2.403,32462250.75,78427984.9
2025-10-11 06:00:00,2.403,2.451,2.4,2.423,27277123.34,66240898.32
2025-10-11 07:00:00,2.423,2.442,2.398,2.411,34743054.7,83980802.82
2025-10-11 08:00:00,2.411,2.489,2.399,2.485,35781993.82,87711814.59
2025-10-11 09:00:00,2.485,2.506,2.466,2.469,26810034.52,66661232.55
2025-10-11 10:00:00,2.469,2.485,2.453,2.478,28018768.59,69216213.2
2025-10-11 11:00:00,2.478,2.485,2.442,2.477,24731207.73,61000897.32
2025-10-11 12:00:00,2.477,2.485,2.431,2.446,26707036.25,65689618.1
2025-10-11 13:00:00,2.446,2.46,2.42,2.45,31796683.85,77604254.11
2025-10-11 14:00:00,2.45,2.459,2.426,2.458,28263606.75,69094281.55
2025-10-11 15:00:00,2.458,2.487,2.458,2.478,19943704.17,49350176.08
2025-10-11 16:00:00,2.478,2.492,2.463,2.476,20752304.56,51397269.89
2025-10-11 17:00:00,2.476,2.492,2.472,2.48,16310249.46,40486970.57
2025-10-11 18:00:00,2.48,2.48,2.463,2.469,12862697.56,31775182.43
2025-10-11 19:00:00,2.469,2.469,2.384,2.41,39246388.6,94798707.02
2025-10-11 20:00:00,2.41,2.412,2.336,2.354,50337495.95,119341710.33
2025-10-11 21:00:00,2.354,2.387,2.323,2.386,53268178.03,125491764.26
2025-10-11 22:00:00,2.386,2.406,2.38,2.396,24766864.28,59223536.7
2025-10-11 23:00:00,2.396,2.4,2.386,2.388,4119103.26,9858182.3
