timestamp,open,high,low,close,volume
2020-04-18,0.655,0.7237,0.6748,0.6775,3994742.0
2020-04-19,0.6775,0.6689,0.5932,0.6037,4397843.0
2020-04-20,0.6037,0.609,0.5209,0.5313,4542657.0
2020-04-21,0.5313,0.595,0.5083,0.5776,6140323.0
2020-04-22,0.5776,0.7112,0.5892,0.693,15462983.0
2020-04-23,0.693,0.735,0.6069,0.6308,10371579.0
2020-04-24,0.6308,0.666,0.61,0.6247,3667234.0
2020-04-25,0.6247,0.6699,0.6183,0.6457,2360904.0
2020-04-26,0.6457,0.6996,0.6265,0.6364,2708455.0
2020-04-27,0.6364,0.6604,0.5673,0.5692,3738309.0
2020-04-28,0.5692,0.7023,0.567,0.6561,6838281.0
2020-04-29,0.6561,0.8337,0.7097,0.7462,7423736.0
2020-04-30,0.7462,0.7842,0.6703,0.6916,3513976.0
2020-05-01,0.6916,0.7412,0.6836,0.724,2361557.0
2020-05-02,0.724,0.7586,0.7077,0.7122,1512249.0
2020-05-03,0.7122,0.7113,0.6508,0.681,1514748.0
2020-05-04,0.681,0.7065,0.627,0.6654,1914032.0
2020-05-05,0.6654,0.6928,0.6381,0.6472,1251358.0
2020-05-06,0.6472,0.677,0.6125,0.6174,1145550.0
2020-05-07,0.6174,0.6838,0.5717,0.6073,2049615.0
2020-05-08,0.6073,0.6242,0.5767,0.6037,918906.0
2020-05-09,0.6037,0.619,0.5846,0.6031,548440.0
2020-05-10,0.6031,0.6109,0.5319,0.5417,882728.0
2020-05-11,0.5417,0.5614,0.5061,0.5159,910190.0
2020-05-12,0.5159,0.5552,0.5199,0.5361,708183.0
2020-05-13,0.5361,0.579,0.5299,0.5527,1048968.0
2020-05-14,0.5527,0.6089,0.5576,0.5717,607340.0
2020-05-15,0.5717,0.559,0.5426,0.5574,277879.0
2020-05-16,0.5574,0.5995,0.5594,0.5993,730811.0
2020-05-17,0.5993,0.6518,0.604,0.6143,1357143.0
2020-05-18,0.6143,0.6889,0.607,0.6536,1790763.0
2020-05-19,0.6536,0.6594,0.6106,0.6225,646969.0
2020-05-20,0.6225,0.6092,0.5759,0.5815,862260.0
2020-05-21,0.5815,0.611,0.5454,0.6075,1385626.0
2020-05-22,0.6075,0.6769,0.588,0.6366,2180151.0
2020-05-23,0.6366,0.6378,0.5843,0.607,1151626.0
2020-05-24,0.607,0.5789,0.5432,0.5478,1739072.0
2020-05-25,0.5478,0.6584,0.5428,0.5953,3846877.0
2020-05-26,0.5953,0.61,0.565,0.5744,1553526.0
2020-05-27,0.5744,0.6194,0.579,0.5906,1090398.0
2020-05-28,0.5906,0.6172,0.5738,0.5754,1270324.0
2020-05-29,0.5754,0.5899,0.5606,0.5806,576710.0
2020-05-30,0.5806,0.6128,0.5715,0.5853,707212.0
2020-05-31,0.5853,0.5812,0.5653,0.5716,337664.0
2020-06-01,0.5716,0.6269,0.567,0.5749,573987.0
2020-06-02,0.5749,0.5725,0.5369,0.5667,454467.0
2020-06-03,0.5667,0.602,0.5688,0.5877,588129.0
2020-06-04,0.5877,0.6012,0.5729,0.5848,532297.0
2020-06-05,0.5848,0.6919,0.5644,0.6586,4638101.0
2020-06-06,0.6586,0.6622,0.6149,0.6245,1544682.0
2020-06-07,0.6245,0.6302,0.6077,0.6129,390744.0
2020-06-08,0.6129,0.6901,0.612,0.6688,1124667.0
2020-06-09,0.6688,0.6681,0.6272,0.6571,681907.0
2020-06-10,0.6571,0.6771,0.6323,0.6424,823208.0
2020-06-11,0.6424,0.6105,0.5684,0.5705,804439.0
2020-06-12,0.5705,0.6138,0.576,0.5939,721709.0
2020-06-13,0.5939,0.6113,0.5892,0.6107,463202.0
2020-06-14,0.6107,0.611,0.5776,0.5846,549045.0
2020-06-15,0.5846,0.5937,0.5647,0.5701,507583.0
2020-06-16,0.5701,0.5875,0.5714,0.5842,308923.0
2020-06-17,0.5842,0.5893,0.5729,0.5845,341500.0
2020-06-18,0.5845,0.6496,0.577,0.6224,1096924.0
2020-06-19,0.6224,0.8469,0.6136,0.6868,7106966.0
2020-06-20,0.6868,0.6968,0.627,0.6488,1514179.0
2020-06-21,0.6488,0.7487,0.6301,0.6739,2248686.0
2020-06-22,0.6739,0.7552,0.6636,0.7293,1091311.0
2020-06-23,0.7293,0.7699,0.6978,0.708,865626.0
2020-06-24,0.708,0.8082,0.6697,0.7355,2193486.0
2020-06-25,0.7355,0.7544,0.6994,0.7147,1161174.0
2020-06-26,0.7147,0.7623,0.682,0.7378,1201717.0
2020-06-27,0.7378,0.7374,0.6668,0.713,1115041.0
2020-06-28,0.713,0.8446,0.6937,0.7989,2798341.0
2020-06-29,0.7989,0.9002,0.7765,0.8541,1410464.0
2020-06-30,0.8541,1.051,0.8455,0.8603,2796951.0
2020-07-01,0.8603,0.9172,0.8157,0.8317,1015205.0
2020-07-02,0.8317,0.8255,0.7547,0.7768,1024226.0
2020-07-03,0.7768,0.7874,0.7444,0.7687,623940.0
2020-07-04,0.7687,0.8328,0.7667,0.7811,1080767.0
2020-07-05,0.7811,0.7773,0.6245,0.6929,3986674.0
2020-07-06,0.6929,0.728,0.6942,0.7101,703293.0
2020-07-07,0.7101,0.7868,0.6993,0.753,1291545.0
2020-07-08,0.753,0.8489,0.6954,0.7936,1457156.0
2020-07-09,0.7936,0.8852,0.753,0.8481,1691795.0
2020-07-10,0.8481,0.9566,0.844,0.9118,941581.0
2020-07-11,0.9118,0.9253,0.8523,0.9225,873693.0
2020-07-12,0.9225,1.15,0.9143,1.017,2968752.0
2020-07-13,1.017,1.311,1.004,1.172,1956555.0
2020-07-14,1.172,1.273,1.124,1.147,915666.0
2020-07-15,1.147,1.417,1.131,1.281,1400028.0
2020-07-16,1.281,1.388,0.8221,0.8723,6040131.0
2020-07-17,0.8723,1.048,0.7721,0.9778,7079787.0
2020-07-18,0.9778,1.002,0.9325,0.9701,1268350.0
2020-07-19,0.9701,0.9797,0.9023,0.9244,921725.0
2020-07-20,0.9244,0.9198,0.8492,0.8757,1664132.0
2020-07-21,0.8757,1.033,0.8802,0.9802,2379599.0
2020-07-22,0.9802,1.133,0.9889,1.044,2867598.0
2020-07-23,1.044,1.124,1.003,1.051,1100278.0
2020-07-24,1.051,1.048,0.9538,0.9977,681460.0
2020-07-25,0.9977,1.441,1.014,1.254,4839385.0
2020-07-26,1.254,1.636,1.263,1.568,3640753.0
2020-07-27,1.568,2.196,1.687,1.789,12089192.0
2020-07-28,1.789,1.852,1.584,1.785,2659221.0
2020-07-29,1.785,2.139,1.567,1.663,3590727.0
2020-07-30,1.663,1.826,1.632,1.684,1502352.0
2020-07-31,1.684,1.721,1.511,1.531,1342169.0
2020-08-01,1.531,1.731,1.528,1.535,1240784.0
2020-08-02,1.535,1.748,1.403,1.737,1710906.0
2020-08-03,1.737,1.851,1.674,1.789,1461764.0
2020-08-04,1.789,1.959,1.777,1.872,1273891.0
2020-08-05,1.872,1.993,1.703,1.747,1356563.0
2020-08-06,1.747,2.235,1.735,2.191,2666185.0
2020-08-07,2.191,2.163,1.913,2.081,1611842.0
2020-08-08,2.081,2.587,2.048,2.473,2356797.0
2020-08-09,2.473,2.723,2.313,2.656,2353925.0
2020-08-10,2.656,3.413,2.496,3.127,4043640.0
2020-08-11,3.134,3.519,2.755,3.298,1599939.34
2020-08-12,3.298,3.929,3.08,3.755,1760444.35
2020-08-13,3.755,4.139,3.502,3.731,1719842.24
2020-08-14,3.731,3.768,3.321,3.41,1505969.79
2020-08-15,3.41,3.74,3.15,3.173,1079599.1
2020-08-16,3.173,3.49,3.12,3.389,674191.83
2020-08-17,3.389,3.395,3.1,3.11,743391.84
2020-08-18,3.11,3.709,2.811,3.34,2730537.14
2020-08-19,3.34,3.49,2.8,2.887,1438498.76
2020-08-20,2.887,3.445,2.887,3.204,1283567.72
2020-08-21,3.204,3.24,2.89,2.932,1134987.1
2020-08-22,2.932,3.2,2.743,3.013,1172456.58
2020-08-23,3.013,3.4,3.001,3.25,1199651.99
2020-08-24,3.25,3.62,3.21,3.34,1320638.36
2020-08-25,3.34,3.365,3.0,3.25,1155829.97
2020-08-26,3.25,3.8,3.181,3.568,2297407.46
2020-08-27,3.568,3.857,3.244,3.45,2439437.5
2020-08-28,3.45,4.309,3.45,4.006,2589333.54
2020-08-29,4.006,4.112,3.775,3.953,1350654.6
2020-08-30,3.953,4.712,3.9,4.431,1822980.39
2020-08-31,4.431,4.886,4.1,4.744,1511236.52
2020-09-01,4.744,4.947,4.302,4.341,1277017.36
2020-09-02,4.341,4.351,3.66,4.17,2016635.06
2020-09-03,4.17,4.459,3.474,3.503,3296429.06
2020-09-04,3.503,3.835,3.171,3.53,2063200.04
2020-09-05,3.53,3.664,2.094,2.605,4455236.58
2020-09-06,2.605,3.18,2.258,3.093,2910901.01
2020-09-07,3.093,3.198,2.38,2.924,2693738.87
2020-09-08,2.924,2.95,2.399,2.468,1638853.6
2020-09-09,2.468,3.884,2.382,3.6,6725023.29
2020-09-10,3.6,3.875,3.304,3.476,4384681.56
2020-09-11,3.476,3.503,3.032,3.397,2241893.44
2020-09-12,3.397,3.47,3.15,3.332,1174145.57
2020-09-13,3.332,3.47,2.984,3.26,2030932.61
2020-09-14,3.26,3.539,3.075,3.264,3372248.61
2020-09-15,3.264,3.325,2.896,2.929,1708415.79
2020-09-16,2.929,2.93,2.428,2.533,4927980.69
2020-09-17,2.533,2.939,2.36,2.883,4680764.51
2020-09-18,2.883,3.16,2.726,3.114,4194054.5
2020-09-19,3.114,3.253,2.957,3.031,1600614.08
2020-09-20,3.031,3.032,2.7,2.863,1461563.89
2020-09-21,2.863,3.04,2.469,2.767,3585455.91
2020-09-22,2.767,3.011,2.65,2.908,3450538.03
2020-09-23,2.908,3.09,2.7,2.855,2796616.11
2020-09-24,2.855,3.257,2.78,3.143,3000839.26
2020-09-25,3.143,3.277,2.9,3.194,2459915.78
2020-09-26,3.194,3.25,3.03,3.129,1364952.39
2020-09-27,3.129,3.186,2.982,3.158,1019713.12
2020-09-28,3.158,3.2,2.908,2.96,1283454.06
2020-09-29,2.96,3.027,2.874,2.95,956558.24
2020-09-30,2.95,2.984,2.823,2.897,728280.67
2020-10-01,2.897,2.989,2.65,2.867,1377868.33
2020-10-02,2.867,2.887,2.42,2.623,2798466.01
2020-10-03,2.623,2.671,2.536,2.544,551685.41
2020-10-04,2.544,2.59,2.42,2.52,773829.9
2020-10-05,2.52,2.683,2.456,2.652,928651.1
2020-10-06,2.652,2.66,2.13,2.174,1806134.13
2020-10-07,2.174,2.408,2.081,2.3,2113228.25
2020-10-08,2.3,2.457,2.012,2.364,2818556.42
2020-10-09,2.364,2.628,2.304,2.532,1905351.75
2020-10-10,2.532,2.605,2.388,2.4,1295109.19
2020-10-11,2.4,2.46,2.341,2.423,912615.49
2020-10-12,2.423,2.704,2.413,2.584,2178966.95
2020-10-13,2.584,2.587,2.336,2.406,1986525.79
2020-10-14,2.406,2.442,2.233,2.311,1136355.33
2020-10-15,2.311,2.348,2.193,2.268,763201.0
2020-10-16,2.268,2.269,2.107,2.139,1638314.02
2020-10-17,2.139,2.246,2.111,2.205,498054.8
2020-10-18,2.205,2.259,2.176,2.214,491005.41
2020-10-19,2.214,2.215,2.05,2.059,926162.15
2020-10-20,2.059,2.107,1.84,1.885,1980735.28
2020-10-21,1.885,2.11,1.842,1.89,3290523.89
2020-10-22,1.89,2.09,1.848,1.958,1652231.15
2020-10-23,1.958,1.99,1.85,1.959,1586901.13
2020-10-24,1.959,1.973,1.88,1.914,761963.13
2020-10-25,1.914,1.924,1.76,1.793,1396070.88
2020-10-26,1.793,1.868,1.612,1.68,2065373.08
2020-10-27,1.68,1.75,1.591,1.711,2646168.37
2020-10-28,1.711,1.725,1.451,1.518,3458757.15
2020-10-29,1.518,1.575,1.415,1.433,1268650.68
2020-10-30,1.433,1.473,1.316,1.438,1419289.15
2020-10-31,1.438,1.558,1.427,1.55,866671.75
2020-11-01,1.55,1.646,1.514,1.608,1004588.92
2020-11-02,1.608,1.643,1.462,1.474,879934.95
2020-11-03,1.474,1.484,1.406,1.412,996514.56
2020-11-04,1.412,1.415,1.274,1.391,2627651.09
2020-11-05,1.391,1.493,1.3,1.401,1629805.61
2020-11-06,1.401,1.948,1.395,1.901,3839511.87
2020-11-07,1.901,2.497,1.828,2.022,8625571.02
2020-11-08,2.022,2.282,1.961,2.156,4818506.77
2020-11-09,2.156,2.199,1.946,2.03,3063329.77
2020-11-10,2.03,2.325,2.008,2.266,2131562.25
2020-11-11,2.266,2.3,1.967,2.0,1875622.08
2020-11-12,2.0,2.06,1.825,1.908,1578015.95
2020-11-13,1.908,2.08,1.9,2.014,1656273.41
2020-11-14,2.014,2.037,1.869,1.918,1231421.86
2020-11-15,1.918,2.218,1.913,2.041,3437679.04
2020-11-16,2.041,2.37,1.986,2.263,3256751.96
2020-11-17,2.263,2.33,2.125,2.199,2363679.49
2020-11-18,2.199,2.217,2.0,2.116,2111894.9
2020-11-19,2.116,2.185,2.014,2.085,1435630.91
2020-11-20,2.085,2.239,2.052,2.103,1626106.22
2020-11-21,2.103,2.51,2.036,2.385,3018293.94
2020-11-22,2.385,2.42,2.04,2.151,2495013.58
2020-11-23,2.151,2.363,2.112,2.279,2143355.4
2020-11-24,2.279,2.473,2.157,2.282,3197917.72
2020-11-25,2.282,2.49,2.17,2.266,3430290.29
2020-11-26,2.266,2.31,1.722,1.911,6981913.41
2020-11-27,1.911,2.037,1.77,1.861,1865800.94
2020-11-28,1.861,1.94,1.802,1.887,1436455.81
2020-11-29,1.887,1.947,1.85,1.915,896870.18
2020-11-30,1.915,2.018,1.904,1.967,1125882.67
2020-12-01,1.967,2.14,1.917,1.974,2119075.18
2020-12-02,1.974,2.21,1.933,2.12,2249479.02
2020-12-03,2.12,2.226,2.074,2.097,3501209.88
2020-12-04,2.097,2.112,1.838,1.853,1704664.6
2020-12-05,1.853,1.982,1.82,1.98,1371381.87
2020-12-06,1.98,1.991,1.798,1.851,1645622.58
2020-12-07,1.851,1.899,1.809,1.829,1688502.26
2020-12-08,1.829,1.83,1.623,1.663,2973276.18
2020-12-09,1.663,1.677,1.5,1.659,2882570.25
2020-12-10,1.659,1.666,1.54,1.569,1419475.76
2020-12-11,1.569,1.578,1.433,1.439,1638271.67
2020-12-12,1.439,1.538,1.437,1.491,1585167.72
2020-12-13,1.491,1.697,1.458,1.57,1919951.47
2020-12-14,1.57,1.625,1.522,1.594,1617010.65
2020-12-15,1.594,1.803,1.588,1.759,3904286.01
2020-12-16,1.759,1.792,1.603,1.783,3373550.15
2020-12-17,1.783,1.806,1.639,1.68,2800443.81
2020-12-18,1.68,1.707,1.631,1.701,1305634.08
2020-12-19,1.701,1.767,1.659,1.67,1535935.57
2020-12-20,1.67,1.689,1.521,1.563,1546811.63
2020-12-21,1.563,1.62,1.49,1.533,1410423.97
2020-12-22,1.533,1.58,1.471,1.49,2028791.85
2020-12-23,1.49,1.513,1.032,1.198,4172360.76
2020-12-24,1.198,1.388,1.166,1.361,1949526.49
2020-12-25,1.361,1.46,1.342,1.447,1610694.3
2020-12-26,1.447,1.45,1.312,1.326,1156085.77
2020-12-27,1.326,1.417,1.263,1.303,2346754.85
2020-12-28,1.303,1.522,1.287,1.517,2517510.37
2020-12-29,1.517,1.734,1.439,1.67,5350390.43
2020-12-30,1.67,1.688,1.524,1.535,2626433.1
2020-12-31,1.535,1.552,1.421,1.508,2663505.66
2021-01-01,1.508,1.859,1.497,1.841,4853183.05
2021-01-02,1.841,1.999,1.712,1.799,5719553.68
2021-01-03,1.799,2.378,1.797,2.176,8224740.74
2021-01-04,2.176,2.498,1.859,2.491,7822037.3
2021-01-05,2.491,2.509,2.062,2.162,6973326.14
2021-01-06,2.162,2.185,1.903,1.941,8797929.41
2021-01-07,1.941,2.567,1.922,2.364,28816130.87
2021-01-08,2.364,3.766,2.175,3.221,26954007.01
2021-01-09,3.221,3.697,2.931,3.381,10344458.02
2021-01-10,3.381,3.74,3.156,3.445,5992340.02
2021-01-11,3.445,3.527,2.58,3.102,8852326.67
2021-01-12,3.102,3.88,3.059,3.637,7233230.15
2021-01-13,3.637,3.795,3.265,3.525,5520811.79
2021-01-14,3.525,3.595,3.185,3.292,6853791.15
2021-01-15,3.292,3.447,2.963,3.245,5190928.0
2021-01-16,3.245,3.706,3.242,3.424,9027006.92
2021-01-17,3.424,3.988,3.299,3.824,9035278.96
2021-01-18,3.824,4.168,3.617,3.786,6553917.07
2021-01-19,3.786,4.047,3.6,3.629,5033875.67
2021-01-20,3.629,3.741,3.34,3.716,5073838.94
2021-01-21,3.716,3.739,2.972,2.99,4305334.62
2021-01-22,2.99,3.499,2.537,3.335,6810055.39
2021-01-23,3.335,3.6,3.306,3.507,2506647.97
2021-01-24,3.507,3.79,3.479,3.628,2669674.38
2021-01-25,3.628,3.986,3.44,3.704,6575784.83
2021-01-26,3.704,4.097,3.648,4.041,7060592.58
2021-01-27,4.041,4.042,3.512,3.675,2846073.87
2021-01-28,3.675,3.959,3.6,3.809,2240384.48
2021-01-29,3.809,3.911,3.603,3.829,3024218.16
2021-01-30,3.829,4.318,3.744,4.228,4162942.08
2021-01-31,4.228,4.804,4.154,4.253,5651054.27
2021-02-01,4.253,4.617,4.107,4.615,2310368.3
2021-02-02,4.61,5.403,4.467,5.232,5743394.73
2021-02-03,5.232,5.78,5.055,5.73,4298354.11
2021-02-04,5.73,6.541,5.573,6.422,5958813.78
2021-02-05,6.422,7.141,6.409,6.677,4562072.46
2021-02-06,6.677,6.815,5.702,6.111,5428157.34
2021-02-07,6.111,6.88,5.752,6.696,5392867.14
2021-02-08,6.696,8.077,6.458,7.855,7089546.69
2021-02-09,7.855,8.493,7.555,7.803,5058184.68
2021-02-10,7.803,9.087,7.29,9.087,4662353.31
2021-02-11,9.087,9.737,8.727,9.197,5994959.91
2021-02-12,9.197,9.928,9.04,9.224,3146110.73
2021-02-13,9.224,9.507,8.661,8.735,3751854.25
2021-02-14,8.735,9.227,8.534,8.722,3179698.49
2021-02-15,8.722,9.372,7.729,8.854,3742613.02
2021-02-16,8.854,8.999,7.964,8.3,2454212.27
2021-02-17,8.3,8.447,7.522,8.236,3583271.46
2021-02-18,8.236,9.316,8.231,8.978,2623862.63
2021-02-19,8.978,11.83,8.533,11.49,7414700.47
2021-02-20,11.49,11.84,9.788,9.986,4996802.83
2021-02-21,9.986,11.66,9.818,11.08,3899711.08
2021-02-22,11.08,14.79,9.113,14.43,15237532.08
2021-02-23,14.43,15.88,11.48,15.23,24922218.05
2021-02-24,15.23,18.2,14.8,17.19,11170205.13
2021-02-25,17.19,17.69,13.66,13.81,9838081.96
2021-02-26,13.81,15.51,13.1,13.6,8429361.59
2021-02-27,13.6,14.81,13.02,13.19,6504568.32
2021-02-28,13.19,13.77,11.42,13.09,7551963.01
2021-03-01,13.09,15.56,13.02,14.98,5982155.87
2021-03-02,14.98,15.24,13.38,13.95,4591333.3
2021-03-03,13.95,14.73,13.71,14.08,3552013.49
2021-03-04,14.08,14.27,12.74,13.05,2984928.14
2021-03-05,13.05,13.1,12.13,12.54,2217180.69
2021-03-06,12.54,13.3,11.9,13.04,3244858.75
2021-03-07,13.04,14.01,12.71,13.82,3190746.94
2021-03-08,13.82,13.9,13.0,13.6,2287101.74
2021-03-09,13.6,14.99,13.21,14.84,2849104.99
2021-03-10,14.84,15.2,14.06,14.23,2144168.64
2021-03-11,14.23,16.32,13.68,16.02,4384844.26
2021-03-12,16.02,16.5,14.1,14.55,3947546.25
2021-03-13,14.55,15.41,13.85,15.3,2841583.63
2021-03-14,15.3,15.37,14.35,14.47,1879970.51
2021-03-15,14.47,14.82,13.63,14.18,2198026.38
2021-03-16,14.18,14.29,13.15,13.64,2659291.27
2021-03-17,13.64,14.26,13.04,14.22,1849665.45
2021-03-18,14.22,14.75,13.96,14.21,1723882.07
2021-03-19,14.21,14.49,13.87,14.15,1582304.35
2021-03-20,14.15,14.97,14.09,14.19,1554020.5
2021-03-21,14.19,14.36,13.64,14.34,1294587.74
2021-03-22,14.34,16.59,14.17,14.79,5429106.39
2021-03-23,14.79,15.22,14.02,14.16,2196058.2
2021-03-24,14.16,15.37,13.59,13.59,2528680.81
2021-03-25,13.59,13.72,12.48,12.97,2518356.62
2021-03-26,12.97,14.79,12.31,14.77,3196183.1
2021-03-27,14.77,16.79,14.72,16.46,4311659.02
2021-03-28,16.46,19.38,16.31,18.06,7585486.36
2021-03-29,18.06,18.99,17.65,18.92,3332675.81
2021-03-30,18.92,20.86,18.9,19.08,4055466.27
2021-03-31,19.08,19.81,18.02,19.39,2971992.43
2021-04-01,19.39,20.35,18.75,19.05,2432399.51
2021-04-02,19.05,19.8,18.36,19.76,1928300.83
2021-04-03,19.76,23.83,19.73,22.44,6707529.76
2021-04-04,22.44,25.52,22.0,23.84,5625171.49
2021-04-05,23.84,24.76,22.78,22.97,3105429.62
2021-04-06,22.97,25.29,21.79,25.05,3669749.39
2021-04-07,25.05,27.5,22.92,26.48,8292882.89
2021-04-08,26.48,27.99,25.65,26.94,4553483.73
2021-04-09,26.94,28.98,26.72,27.62,3310265.26
2021-04-10,27.62,28.26,25.92,26.8,2925854.88
2021-04-11,26.8,28.65,25.52,27.84,2778461.34
2021-04-12,27.84,29.91,26.82,28.54,3116772.98
2021-04-13,28.54,28.8,26.29,27.43,2468595.62
2021-04-14,27.43,27.56,24.71,26.41,3923018.31
2021-04-15,26.41,28.2,25.46,27.78,2338150.88
2021-04-16,27.78,28.25,24.87,25.3,2870019.14
2021-04-17,25.3,26.78,24.83,24.86,2677074.72
2021-04-18,24.86,32.98,21.11,32.34,12470797.41
2021-04-19,32.34,36.08,29.82,31.48,12785582.61
2021-04-20,31.48,32.78,28.85,31.72,8538455.48
2021-04-21,31.72,35.04,30.14,32.59,8812149.85
2021-04-22,32.59,41.06,31.54,38.9,17764489.0
2021-04-23,38.9,41.63,31.52,37.24,17973245.12
2021-04-24,37.24,43.53,34.63,40.86,11903849.29
2021-04-25,40.86,48.58,40.43,47.39,14657439.86
2021-04-26,47.39,48.46,43.3,43.81,13112134.23
2021-04-27,43.81,46.59,42.55,43.17,8483531.56
2021-04-28,43.17,46.93,40.57,44.83,9301407.64
2021-04-29,44.83,46.17,40.95,42.5,7109647.38
2021-04-30,42.5,44.3,41.24,42.89,4291081.01
2021-05-01,42.89,49.87,42.05,49.56,7183511.39
2021-05-02,49.56,49.96,45.92,46.91,4728779.64
2021-05-03,46.91,49.02,44.83,45.96,4695663.72
2021-05-04,45.96,47.81,42.32,42.65,5182985.49
2021-05-05,42.65,45.99,42.31,44.98,3738477.09
2021-05-06,44.98,44.98,42.59,43.48,2906546.13
2021-05-07,43.48,46.21,41.44,43.16,4008211.96
2021-05-08,43.16,46.6,42.32,45.67,3349287.98
2021-05-09,45.67,47.09,42.74,44.34,3858713.9
2021-05-10,44.34,45.85,39.4,42.87,3647497.08
2021-05-11,42.87,45.12,39.77,44.6,3562996.75
2021-05-12,44.6,49.18,42.65,43.11,9133995.37
2021-05-13,43.11,45.43,37.54,40.97,8753447.13
2021-05-14,40.97,44.86,39.93,42.71,4229804.33
2021-05-15,42.71,45.39,39.34,43.44,4229053.16
2021-05-16,43.44,52.24,41.66,46.73,14111422.52
2021-05-17,46.73,51.93,43.38,46.65,9352998.87
2021-05-18,46.65,58.23,46.09,56.02,15056564.87
2021-05-19,56.02,57.6,27.49,35.02,23018722.69
2021-05-20,35.02,52.13,32.19,44.37,21302760.5
2021-05-21,44.37,47.68,33.69,38.89,16173948.33
2021-05-22,38.89,39.98,31.15,31.26,12185172.71
2021-05-23,31.26,32.39,19.19,24.56,30473558.27
2021-05-24,24.56,32.13,24.48,31.34,18417545.24
2021-05-25,31.34,33.16,25.98,30.03,12640281.0
2021-05-26,30.03,37.23,28.87,35.42,12987774.65
2021-05-27,35.42,35.56,31.03,33.64,7231883.34
2021-05-28,33.64,34.53,28.02,28.99,7674412.11
2021-05-29,28.99,30.05,25.74,27.38,4976626.85
2021-05-30,27.38,29.77,25.61,28.58,4904902.54
2021-05-31,28.58,33.0,27.52,32.79,6459613.11
2021-06-01,32.79,33.27,29.9,30.96,5313553.91
2021-06-02,30.96,35.0,30.4,33.99,6088766.39
2021-06-03,33.99,41.32,33.74,39.6,10715205.58
2021-06-04,39.6,39.72,34.22,37.36,12165211.67
2021-06-05,37.36,42.7,37.02,39.64,13158394.45
2021-06-06,39.64,43.37,38.95,42.2,8681084.72
2021-06-07,42.2,44.15,37.87,38.25,10879288.78
2021-06-08,38.25,42.58,33.66,41.24,20953415.46
2021-06-09,41.24,43.98,39.3,42.03,12529860.42
2021-06-10,42.03,43.07,39.49,41.1,6043418.48
2021-06-11,41.1,41.36,35.11,36.19,5675251.58
2021-06-12,36.19,37.62,34.16,36.49,6167586.73
2021-06-13,36.49,39.39,34.73,38.7,4942937.78
2021-06-14,38.7,40.53,36.66,39.66,5468462.8
2021-06-15,39.66,41.73,39.19,39.54,4448819.79
2021-06-16,39.54,41.63,37.49,39.7,6253558.16
2021-06-17,39.7,41.25,38.21,39.24,4169466.34
2021-06-18,39.24,39.47,34.92,36.79,4662397.48
2021-06-19,36.79,37.31,34.92,35.19,2865786.59
2021-06-20,35.19,35.93,31.32,35.25,4959061.8
2021-06-21,35.25,35.48,25.95,26.6,9936079.88
2021-06-22,26.6,28.78,20.22,26.94,18104051.84
2021-06-23,26.94,32.86,25.65,30.82,14103220.84
2021-06-24,30.82,32.98,28.49,31.17,8452510.16
2021-06-25,31.17,32.98,27.97,28.65,8702097.84
2021-06-26,28.65,30.14,26.67,29.71,7691482.92
2021-06-27,29.71,31.94,29.2,31.89,6795515.18
2021-06-28,31.89,34.29,30.98,33.0,5819031.02
2021-06-29,33.0,35.82,32.68,33.96,5143735.61
2021-06-30,33.96,35.98,31.56,35.52,6262493.73
2021-07-01,35.52,35.57,32.19,33.3,5331114.49
2021-07-02,33.3,34.2,31.37,34.0,4984063.39
2021-07-03,34.0,35.39,33.22,34.5,3596756.75
2021-07-04,34.5,35.51,33.55,34.29,3429670.26
2021-07-05,34.29,34.47,32.39,32.91,3452748.68
2021-07-06,32.91,35.03,32.89,34.23,3902097.52
2021-07-07,34.23,38.09,33.82,36.67,5421934.73
2021-07-08,36.67,36.92,32.68,33.16,5382914.21
2021-07-09,33.16,34.44,31.98,33.31,3362856.11
2021-07-10,33.31,34.19,31.05,31.7,3413338.45
2021-07-11,31.7,32.56,31.33,32.16,2251814.48
2021-07-12,32.16,32.68,30.04,30.78,2670494.33
2021-07-13,30.78,31.07,28.84,29.14,2221898.07
2021-07-14,29.14,31.48,27.41,31.36,4042677.02
2021-07-15,31.36,31.48,27.99,28.54,4293666.27
2021-07-16,28.54,29.46,26.2,26.28,3489073.99
2021-07-17,26.28,27.81,25.99,26.78,2628174.99
2021-07-18,26.78,27.74,26.24,26.67,2108525.5
2021-07-19,26.67,26.71,23.99,24.51,3788249.5
2021-07-20,24.51,24.98,22.11,23.46,4461408.79
2021-07-21,23.46,27.45,22.83,26.65,5940208.72
2021-07-22,26.65,28.16,25.92,27.7,3501906.1
2021-07-23,27.7,28.7,26.4,28.5,3905904.79
2021-07-24,28.5,29.5,28.03,28.63,3532774.92
2021-07-25,28.63,28.88,26.52,28.22,3169276.75
2021-07-26,28.22,31.09,27.86,28.19,7844147.85
2021-07-27,28.19,28.94,26.93,28.11,3983854.12
2021-07-28,28.11,28.74,27.39,27.87,3222156.46
2021-07-29,27.87,31.86,27.34,31.26,4631335.24
2021-07-30,31.26,33.07,29.93,32.34,6456007.96
2021-07-31,32.34,36.96,31.67,36.72,5604732.83
2021-08-01,36.72,36.8,33.28,34.17,4589360.65
2021-08-02,34.17,35.92,33.01,33.17,3903405.65
2021-08-03,33.17,35.86,32.34,34.11,4461066.7
2021-08-04,34.11,36.64,33.27,35.78,3673087.66
2021-08-05,35.78,38.23,35.52,37.36,5258978.75
2021-08-06,37.36,40.36,35.65,39.52,5118663.96
2021-08-07,39.52,40.46,37.54,39.44,4517856.07
2021-08-08,39.44,39.52,36.94,37.69,2890537.83
2021-08-09,37.69,39.94,36.4,38.71,2960010.67
2021-08-10,38.71,41.64,38.22,40.64,3615825.11
2021-08-11,40.64,43.68,40.61,41.68,3500099.72
2021-08-12,41.58,41.88,39.35,41.08,1881180.46
2021-08-13,41.08,44.88,40.69,44.83,3243471.23
2021-08-14,44.83,44.84,42.81,44.1,2195831.42
2021-08-15,44.1,54.69,43.4,53.49,8155080.69
2021-08-16,53.49,69.1,52.32,62.06,19246401.4
2021-08-17,62.06,75.1,58.97,64.19,19190123.46
2021-08-18,64.19,80.45,59.94,72.7,19380857.81
2021-08-19,72.7,75.39,68.31,72.78,10366955.37
2021-08-20,72.78,79.96,70.92,78.6,7298376.85
2021-08-21,78.6,81.95,72.63,73.82,6196728.66
2021-08-22,73.82,77.58,71.29,72.73,3976767.86
2021-08-23,72.73,76.71,71.63,75.69,5520779.49
2021-08-24,75.69,79.38,68.7,70.58,9035899.52
2021-08-25,70.58,72.79,66.11,71.96,7094729.89
2021-08-26,71.96,78.19,66.24,74.87,10612851.89
2021-08-27,74.87,88.89,72.63,88.01,12248373.43
2021-08-28,88.01,97.8,85.61,96.15,7710955.42
2021-08-29,96.15,97.79,90.42,94.2,5511502.63
2021-08-30,94.2,116.61,93.63,110.23,14474459.94
2021-08-31,110.23,130.06,103.11,108.28,20829837.77
2021-09-01,108.28,119.68,105.94,110.74,10341443.9
2021-09-02,110.74,131.92,109.26,128.22,11923015.5
2021-09-03,128.22,148.93,128.17,146.36,15390766.38
2021-09-04,146.36,150.55,135.86,138.89,7947322.23
2021-09-05,138.89,144.94,134.86,142.01,6059249.49
2021-09-06,142.01,166.04,137.58,164.24,10826901.27
2021-09-07,164.24,195.07,136.79,173.22,27467158.59
2021-09-08,173.22,197.71,148.46,191.11,5238443.94
2021-09-09,191.11,215.62,180.82,187.89,9704556.14
2021-09-10,187.89,197.27,168.06,179.48,11512892.72
2021-09-11,179.48,193.43,175.19,179.09,8958250.81
2021-09-12,179.09,181.62,170.27,174.48,4767450.97
2021-09-13,174.48,174.91,150.44,169.49,10919574.95
2021-09-14,169.49,171.76,142.68,158.72,10194326.06
2021-09-15,158.72,166.42,153.74,158.74,7869566.31
2021-09-16,158.74,163.04,147.38,152.26,6273795.77
2021-09-17,152.26,153.49,134.12,147.52,9693179.09
2021-09-18,147.52,171.41,144.14,169.24,10309542.17
2021-09-19,169.24,170.92,150.69,152.82,6408575.23
2021-09-20,152.82,153.42,130.63,132.75,13024765.28
2021-09-21,132.75,144.58,116.3,124.21,12676704.64
2021-09-22,124.21,151.35,122.14,148.03,9778274.49
2021-09-23,148.03,152.41,143.0,149.88,6862931.28
2021-09-24,149.88,151.13,128.26,139.17,8411102.12
2021-09-25,139.17,144.09,133.67,136.08,4387851.14
2021-09-26,136.08,140.71,124.89,135.71,5547975.31
2021-09-27,135.71,148.81,133.78,136.36,6607464.87
2021-09-28,136.36,139.36,128.23,132.27,5289945.13
2021-09-29,132.27,140.07,131.18,135.31,5094249.29
2021-09-30,135.31,142.8,134.16,141.33,4619858.88
2021-10-01,141.33,164.88,138.31,161.58,8680762.41
2021-10-02,161.58,174.96,156.1,168.96,6598172.35
2021-10-03,168.96,177.72,165.75,172.9,5636398.83
2021-10-04,172.9,173.17,162.6,167.09,5714005.29
2021-10-05,167.09,170.1,159.94,164.46,4535917.43
2021-10-06,164.46,165.39,150.3,153.91,6001023.82
2021-10-07,153.91,161.33,150.45,154.23,4406690.71
2021-10-08,154.23,168.88,152.46,158.8,4950222.45
2021-10-09,158.8,161.48,154.33,156.8,2571274.83
2021-10-10,156.8,158.43,146.21,147.62,2782606.43
2021-10-11,147.62,153.93,140.41,144.83,3165846.62
2021-10-12,144.83,153.36,137.73,152.4,4812029.19
2021-10-13,152.4,155.44,144.38,148.0,3823181.57
2021-10-14,148.0,155.55,147.32,150.0,3665226.16
2021-10-15,150.0,165.35,146.82,163.15,7333580.32
2021-10-16,163.15,164.69,156.51,157.56,2763487.74
2021-10-17,157.56,167.51,153.62,160.03,4082615.18
2021-10-18,160.03,162.86,154.98,157.11,3043131.78
2021-10-19,157.11,159.31,153.13,155.69,2455719.86
2021-10-20,155.69,176.83,155.09,176.7,5046772.86
2021-10-21,176.7,194.05,176.7,190.44,10097637.43
2021-10-22,190.44,214.8,188.11,196.26,10601599.8
2021-10-23,196.26,205.72,191.97,197.74,4351137.34
2021-10-24,197.74,204.79,185.31,202.17,4652022.55
2021-10-25,202.17,218.86,198.07,210.06,6382426.08
2021-10-26,210.06,214.15,196.54,199.74,4262981.05
2021-10-27,199.74,205.41,178.57,184.42,6485638.72
2021-10-28,184.42,201.26,181.71,194.73,4871441.56
2021-10-29,194.73,205.14,194.46,200.34,3484062.76
2021-10-30,200.34,200.58,187.61,195.68,2351961.01
2021-10-31,195.68,204.88,185.52,202.43,3497644.01
2021-11-01,202.43,211.47,197.95,203.46,4491479.72
2021-11-02,203.46,221.86,201.01,220.88,3887857.73
2021-11-03,220.88,246.76,215.84,243.29,7043648.71
2021-11-04,243.29,250.38,234.44,247.06,4853070.89
2021-11-05,247.06,248.65,230.49,236.09,3087876.33
2021-11-06,236.09,259.78,234.84,258.36,4241176.11
2021-11-07,258.36,258.63,245.74,249.58,2668584.09
2021-11-08,249.58,253.08,240.79,248.32,3214634.14
2021-11-09,248.32,252.96,238.3,239.1,2962041.35
2021-11-10,239.1,247.9,217.83,233.14,4187344.39
2021-11-11,233.14,246.37,229.55,233.43,2659915.6
2021-11-12,233.43,238.97,220.99,228.59,3235982.75
2021-11-13,228.59,241.79,224.9,241.49,2240261.98
2021-11-14,241.49,241.82,230.5,238.43,1646706.82
2021-11-15,238.43,246.16,234.64,238.16,2737263.46
2021-11-16,238.16,238.16,215.0,219.0,3984508.55
2021-11-17,219.0,222.18,209.93,218.71,3253535.84
2021-11-18,218.71,222.62,186.78,195.1,4522118.2
2021-11-19,195.1,219.46,189.13,215.22,3987399.4
2021-11-20,215.22,221.01,205.99,217.76,2280523.82
2021-11-21,217.76,237.99,210.5,230.64,2736457.88
2021-11-22,230.64,231.85,211.71,215.6,3806644.5
2021-11-23,215.6,225.96,211.0,221.74,2596577.63
2021-11-24,221.74,222.44,200.22,205.74,2863142.54
2021-11-25,205.74,216.2,202.06,209.89,2759094.64
2021-11-26,209.89,210.45,182.84,192.39,4096761.55
2021-11-27,192.39,199.29,190.78,192.77,1705610.77
2021-11-28,192.77,201.84,181.23,200.72,2569728.87
2021-11-29,200.72,212.53,199.68,204.17,2373442.35
2021-11-30,204.17,218.16,199.66,208.42,3240069.06
2021-12-01,208.42,232.41,207.91,229.82,3726906.77
2021-12-02,229.82,242.95,220.25,233.65,4416640.77
2021-12-03,233.65,239.17,205.78,211.82,4346952.07
2021-12-04,211.82,212.51,170.07,200.82,7324993.19
2021-12-05,200.82,204.34,181.78,196.35,3799184.84
2021-12-06,196.35,197.51,176.3,193.72,4515822.15
2021-12-07,193.72,203.97,187.68,190.16,2987053.21
2021-12-08,190.16,196.15,183.72,194.59,2697254.28
2021-12-09,194.59,196.57,178.73,181.27,2645172.31
2021-12-10,181.27,184.51,167.25,167.57,2879694.49
2021-12-11,167.57,173.76,161.52,172.03,2449460.21
2021-12-12,172.03,176.8,167.72,172.91,1433061.6
2021-12-13,172.91,172.91,148.45,155.18,3624455.24
2021-12-14,155.18,163.23,149.73,161.28,3270540.68
2021-12-15,161.28,182.5,156.87,178.47,4724217.46
2021-12-16,178.47,188.98,174.42,176.76,3505109.64
2021-12-17,176.76,182.37,168.07,175.46,3520845.69
2021-12-18,175.46,184.14,171.02,182.71,1937922.61
2021-12-19,182.71,189.19,178.34,180.0,1894451.15
2021-12-20,180.0,181.14,168.59,173.86,2381801.55
2021-12-21,173.86,182.35,170.36,179.59,1994670.04
2021-12-22,179.59,187.47,177.15,178.41,2030325.14
2021-12-23,178.41,193.43,175.79,190.0,2614865.2
2021-12-24,190.0,197.4,183.29,190.3,2457295.77
2021-12-25,190.3,194.96,189.18,192.93,1447713.51
2021-12-26,192.93,200.57,190.36,197.77,2190471.43
2021-12-27,197.77,204.63,194.85,195.71,1835817.95
2021-12-28,195.71,195.72,176.64,177.27,3147976.13
2021-12-29,177.27,180.61,170.13,170.68,2416564.45
2021-12-30,170.68,175.64,168.45,172.63,1638241.93
2021-12-31,172.63,177.37,167.71,169.97,1681032.6
2022-01-01,169.97,179.19,169.97,179.03,975881.73
2022-01-02,179.03,179.4,174.37,176.43,939453.82
2022-01-03,176.43,176.53,166.72,170.22,1489076.37
2022-01-04,170.22,173.74,166.7,167.76,1588082.35
2022-01-05,167.76,171.19,145.3,154.39,2443060.73
2022-01-06,154.39,154.8,146.2,150.27,1964697.77
2022-01-07,150.27,150.58,133.59,136.48,2679682.22
2022-01-08,136.48,148.05,133.25,142.22,3836905.89
2022-01-09,142.22,145.68,137.9,140.77,2038754.6
2022-01-10,140.77,143.77,130.06,135.75,2803527.09
2022-01-11,135.75,143.35,133.69,140.21,1972208.69
2022-01-12,140.21,153.14,138.36,151.5,2792342.6
2022-01-13,151.5,157.69,145.52,146.13,2745009.92
2022-01-14,146.13,150.47,141.96,146.22,2045498.72
2022-01-15,146.22,149.41,143.98,147.58,1207422.9
2022-01-16,147.58,151.94,146.08,147.84,1354357.14
2022-01-17,147.84,148.18,137.14,139.79,1797271.04
2022-01-18,139.79,142.68,134.38,141.25,1771819.15
2022-01-19,141.25,142.65,132.88,135.21,1777976.82
2022-01-20,135.21,143.61,126.23,127.5,2096715.01
2022-01-21,127.5,128.74,106.3,112.23,6457778.74
2022-01-22,112.23,114.41,88.18,94.52,8975073.85
2022-01-23,94.52,104.76,93.27,99.77,4961200.67
2022-01-24,99.77,99.79,80.9,91.94,9638312.85
2022-01-25,91.94,99.93,87.51,94.68,4731698.24
2022-01-26,94.68,104.14,89.29,92.0,6040755.89
2022-01-27,92.0,94.59,85.78,89.53,4745379.15
2022-01-28,89.53,93.49,87.26,91.37,3579989.68
2022-01-29,91.37,98.81,90.55,96.02,2836662.33
2022-01-30,96.02,97.51,91.39,93.27,1724647.34
2022-01-31,93.27,101.3,89.25,99.46,3185999.15
2022-02-01,99.46,113.58,99.02,110.04,5311842.55
2022-02-02,110.04,112.33,97.03,101.88,6149216.94
2022-02-03,101.88,103.14,94.02,101.84,5219333.33
2022-02-04,101.84,112.74,100.32,112.45,5519702.84
2022-02-05,112.45,118.59,110.23,113.75,3496819.26
2022-02-06,113.75,116.01,111.33,115.21,2068340.78
2022-02-07,115.21,121.89,112.77,117.56,3646759.65
2022-02-08,117.56,120.32,109.79,113.37,3746253.86
2022-02-09,113.37,117.07,109.49,114.01,2761574.17
2022-02-10,114.01,115.21,105.69,106.16,3755700.23
2022-02-11,106.16,108.04,95.18,96.54,3366053.09
2022-02-12,96.54,99.76,92.97,95.88,2404440.3
2022-02-13,95.88,97.29,91.4,92.8,1656052.17
2022-02-14,92.8,97.95,90.79,96.4,2473528.58
2022-02-15,96.4,105.72,96.4,105.47,3107415.27
2022-02-16,105.47,105.55,98.32,101.86,2693278.21
2022-02-17,101.86,102.79,92.43,93.56,2679213.21
2022-02-18,93.56,96.4,89.38,89.91,2617194.16
2022-02-19,89.91,92.69,88.73,91.29,1682608.41
2022-02-20,91.29,93.89,85.72,90.76,3350211.53
2022-02-21,90.76,96.09,82.74,83.03,5233085.99
2022-02-22,83.03,87.47,81.1,86.41,3694035.87
2022-02-23,86.41,93.26,84.38,84.57,4190625.38
2022-02-24,84.57,92.64,75.4,89.31,9359914.45
2022-02-25,89.31,94.97,86.91,92.73,4699915.65
2022-02-26,92.73,95.37,89.26,90.21,2811009.74
2022-02-27,90.21,92.16,84.12,85.57,3259901.46
2022-02-28,85.57,102.64,84.2,99.69,5305745.68
2022-03-01,99.69,101.91,94.31,98.69,4650219.71
2022-03-02,98.69,106.29,96.85,100.67,5304967.52
2022-03-03,100.67,101.67,94.11,95.63,3387220.68
2022-03-04,95.63,95.92,87.0,88.28,3734530.1
2022-03-05,88.28,91.21,86.02,89.7,1946885.56
2022-03-06,89.7,89.92,84.11,84.51,2350660.85
2022-03-07,84.51,86.6,79.99,81.77,4096279.19
2022-03-08,81.77,84.99,81.35,82.35,3421982.03
2022-03-09,82.35,89.89,81.93,88.07,4317148.02
2022-03-10,88.07,88.57,80.73,82.88,3682702.64
2022-03-11,82.88,84.24,80.14,80.7,3252356.28
2022-03-12,80.7,82.73,80.64,81.45,1720398.82
2022-03-13,81.45,83.27,77.81,78.72,2525998.55
2022-03-14,78.72,82.25,78.08,81.15,2618989.94
2022-03-15,81.15,85.83,78.79,82.87,2673645.07
2022-03-16,82.87,87.96,81.52,87.77,3440311.45
2022-03-17,87.77,90.96,86.61,87.82,3231993.01
2022-03-18,87.82,92.23,84.43,89.81,3605120.07
2022-03-19,89.81,94.53,89.25,92.33,2633715.94
2022-03-20,92.33,92.54,87.87,88.52,1922896.36
2022-03-21,88.52,91.21,86.8,88.58,2531442.36
2022-03-22,88.58,93.96,88.03,90.46,3284835.84
2022-03-23,90.46,96.3,89.25,94.98,3437173.15
2022-03-24,94.98,103.68,93.32,102.34,5689134.66
2022-03-25,102.34,104.84,97.02,98.58,4084990.3
2022-03-26,98.58,103.35,97.67,101.74,2293612.54
2022-03-27,101.74,107.39,98.82,107.0,2925314.78
2022-03-28,107.0,113.8,105.26,105.87,5134985.53
2022-03-29,105.87,115.61,105.6,111.72,5115825.11
2022-03-30,111.72,124.98,107.13,120.59,6382404.33
2022-03-31,120.59,129.17,119.95,122.9,4499789.57
2022-04-01,122.9,138.33,118.03,134.5,4879731.89
2022-04-02,134.5,143.43,131.55,132.38,5282047.81
2022-04-03,132.38,141.08,130.56,136.9,3724140.7
2022-04-04,136.9,138.25,125.9,132.11,4432282.34
2022-04-05,132.11,136.59,126.12,126.85,3731130.08
2022-04-06,126.85,127.33,112.15,113.0,5717206.68
2022-04-07,113.0,119.93,111.03,118.54,4360836.32
2022-04-08,118.54,122.38,108.15,109.94,4455522.55
2022-04-09,109.94,113.6,108.3,112.93,1979157.07
2022-04-10,112.93,116.05,109.75,111.02,2163498.36
2022-04-11,111.02,111.93,98.16,99.7,4622934.28
2022-04-12,99.7,109.27,98.34,103.21,4683592.4
2022-04-13,103.21,105.96,100.16,104.81,3077907.05
2022-04-14,104.81,107.66,98.81,100.78,3518311.5
2022-04-15,100.78,102.89,99.57,101.32,1901206.18
2022-04-16,101.32,103.47,100.78,102.09,1404199.13
2022-04-17,102.09,105.43,99.68,100.29,2103453.23
2022-04-18,100.29,102.6,94.77,102.29,3876392.9
2022-04-19,102.29,108.85,101.06,108.64,3604739.59
2022-04-20,108.64,110.9,104.32,105.58,3870346.54
2022-04-21,105.58,109.97,100.02,101.77,3908481.85
2022-04-22,101.77,103.5,99.24,100.56,2680105.37
2022-04-23,100.56,102.85,98.41,100.62,1559815.36
2022-04-24,100.62,102.27,98.62,99.24,1608433.14
2022-04-25,99.24,101.57,94.5,100.98,3443255.98
2022-04-26,100.98,101.97,94.68,95.75,2843399.05
2022-04-27,95.75,100.71,94.95,98.4,2620589.01
2022-04-28,98.4,100.5,96.44,98.23,2770702.34
2022-04-29,98.23,98.61,92.38,93.99,2555182.02
2022-04-30,93.99,94.97,86.32,87.78,3911995.12
2022-05-01,87.78,92.94,84.18,89.71,3288213.29
2022-05-02,89.71,90.83,85.24,87.48,2723394.51
2022-05-03,87.48,88.76,84.67,85.85,2243487.18
2022-05-04,85.85,93.06,85.47,92.79,3223121.87
2022-05-05,92.79,95.14,81.49,84.53,4659366.37
2022-05-06,84.53,84.8,80.0,81.71,3827201.59
2022-05-07,81.71,82.31,77.21,78.87,2731688.47
2022-05-08,78.87,79.37,73.83,75.34,3950906.89
2022-05-09,75.34,77.16,61.99,62.25,8254164.16
2022-05-10,62.25,73.99,60.31,66.74,10768443.59
2022-05-11,66.74,68.4,43.27,50.93,15839962.63
2022-05-12,50.93,54.23,37.5,44.62,17963298.0
2022-05-13,44.62,56.78,43.86,48.94,10829895.25
2022-05-14,48.94,53.89,45.87,52.41,6598309.82
2022-05-15,52.41,59.29,49.66,58.85,5373110.36
2022-05-16,58.85,58.85,51.93,53.77,7056004.08
2022-05-17,53.77,58.19,53.07,57.04,5650592.7
2022-05-18,57.04,57.84,49.41,49.91,5624778.73
2022-05-19,49.91,54.06,48.26,52.19,6307141.37
2022-05-20,52.19,53.61,47.84,49.44,6428203.8
2022-05-21,49.44,51.2,48.45,50.32,3068167.22
2022-05-22,50.32,53.17,49.71,52.5,3791472.06
2022-05-23,52.5,54.66,48.65,49.15,5860877.23
2022-05-24,49.15,50.83,47.12,49.65,5318035.44
2022-05-25,49.65,50.55,47.6,47.99,5096680.29
2022-05-26,47.99,48.65,41.73,43.48,10439970.71
2022-05-27,43.48,43.93,39.96,41.16,10694217.28
2022-05-28,41.16,45.07,40.34,44.28,6180238.54
2022-05-29,44.28,45.65,41.81,44.98,6279894.57
2022-05-30,44.98,48.27,44.28,47.23,7723870.72
2022-05-31,47.23,48.22,44.63,45.74,6640350.58
2022-06-01,45.74,46.11,39.68,40.1,6928476.86
2022-06-02,40.1,41.61,38.14,40.87,7004012.88
2022-06-03,40.87,41.53,37.67,38.28,5772377.67
2022-06-04,38.28,39.42,35.75,39.0,4845083.87
2022-06-05,39.0,40.21,37.87,38.52,4881009.33
2022-06-06,38.52,44.73,38.34,42.39,9228516.09
2022-06-07,42.39,42.74,37.21,39.32,10203294.73
2022-06-08,39.32,40.91,38.3,38.83,5457233.99
2022-06-09,38.83,41.95,38.45,39.96,6031257.24
2022-06-10,39.96,40.9,36.85,37.15,6175478.79
2022-06-11,37.15,37.91,33.18,33.91,6350438.58
2022-06-12,33.91,34.44,30.57,30.64,9518475.95
2022-06-13,30.64,31.09,26.07,28.61,18520998.24
2022-06-14,28.61,32.24,25.9,29.59,14862517.74
2022-06-15,29.59,34.81,26.8,34.75,16003087.93
2022-06-16,34.75,35.95,29.54,30.12,12783598.13
2022-06-17,30.12,32.16,29.27,30.67,8138298.41
2022-06-18,30.67,32.04,27.2,32.0,11888026.39
2022-06-19,32.0,35.36,28.71,34.2,11369849.65
2022-06-20,34.2,36.89,31.74,35.25,10687243.9
2022-06-21,35.25,39.14,34.21,36.34,9784899.91
2022-06-22,36.34,36.86,33.66,34.12,8913944.45
2022-06-23,34.12,38.61,33.98,38.14,9277664.61
2022-06-24,38.14,42.9,37.68,41.91,8864628.43
2022-06-25,41.91,42.63,39.75,42.22,6339162.68
2022-06-26,42.22,42.48,39.17,39.4,6061812.44
2022-06-27,39.4,41.25,37.99,38.51,7183243.53
2022-06-28,38.51,39.87,35.05,35.34,8089461.64
2022-06-29,35.34,36.11,33.12,34.02,8499043.22
2022-06-30,34.02,34.19,30.96,33.75,8393883.32
2022-07-01,33.75,35.36,31.84,32.82,8704567.5
2022-07-02,32.82,34.11,31.89,33.35,4247875.81
2022-07-03,33.35,33.67,32.15,33.4,4041791.75
2022-07-04,33.4,36.93,32.48,36.71,6547449.53
2022-07-05,36.71,36.96,33.13,35.41,9015871.19
2022-07-06,35.41,37.63,34.81,37.04,7420359.61
2022-07-07,37.04,39.27,36.4,38.45,5546996.3
2022-07-08,38.45,39.68,36.48,38.11,7649982.65
2022-07-09,38.11,38.91,37.78,38.07,3383731.22
2022-07-10,38.07,38.11,36.27,36.69,3122785.75
2022-07-11,36.69,36.73,33.25,33.42,4036780.22
2022-07-12,33.42,34.61,32.62,32.69,5048778.29
2022-07-13,32.69,35.06,31.9,34.94,6910275.22
2022-07-14,34.94,37.29,33.59,37.15,7489984.59
2022-07-15,37.15,39.06,36.52,37.37,6987465.34
2022-07-16,37.37,40.37,36.36,39.59,5936187.38
2022-07-17,39.59,41.07,38.36,38.62,5885860.23
2022-07-18,38.62,44.06,38.56,43.52,8504811.49
2022-07-19,43.52,47.34,42.55,44.87,10385720.49
2022-07-20,44.87,46.28,41.32,42.04,8936284.67
2022-07-21,42.04,44.17,39.66,43.11,8640942.88
2022-07-22,43.11,44.31,40.04,40.54,6314717.55
2022-07-23,40.54,41.91,38.63,39.98,5048150.47
2022-07-24,39.98,42.08,39.48,40.95,5075491.09
2022-07-25,40.95,41.09,36.6,36.65,6709385.44
2022-07-26,36.65,36.8,34.69,36.26,6817369.84
2022-07-27,36.26,40.53,35.68,40.23,8580195.21
2022-07-28,40.23,44.14,39.04,42.91,9306752.19
2022-07-29,42.91,44.35,41.15,41.9,7549092.44
2022-07-30,41.9,46.63,41.44,43.83,7619931.97
2022-07-31,43.83,45.17,42.24,42.35,4957392.22
2022-08-01,42.35,43.23,40.62,41.68,4976023.87
2022-08-02,41.68,42.43,39.53,39.78,5092151.49
2022-08-03,39.78,40.96,37.53,38.58,10703100.99
2022-08-04,38.58,39.78,37.97,38.81,5557707.5
2022-08-05,38.81,41.32,38.71,40.55,4778525.49
2022-08-06,40.55,40.88,39.85,40.01,2073233.6
2022-08-07,40.01,41.55,39.21,40.62,2412312.3
2022-08-08,40.62,43.71,40.55,42.21,5376234.45
2022-08-09,42.21,42.75,39.76,40.32,4135253.03
2022-08-10,40.32,42.86,39.16,42.45,6365031.36
2022-08-11,42.45,45.3,42.35,42.77,7516446.96
2022-08-12,42.77,45.48,42.13,45.44,4576302.14
2022-08-13,45.44,48.37,45.27,46.57,6297495.09
2022-08-14,46.57,48.04,44.5,44.87,4962768.38
2022-08-15,44.87,47.22,42.76,43.73,5495914.41
2022-08-16,43.73,44.31,42.55,43.08,4905259.24
2022-08-17,43.08,44.72,40.18,40.52,5976032.33
2022-08-18,40.52,41.67,39.37,39.51,4018213.42
2022-08-19,39.51,39.58,35.56,35.82,8346418.53
2022-08-20,35.82,37.26,34.23,35.28,5319828.0
2022-08-21,35.28,37.07,34.54,36.46,4138816.34
2022-08-22,36.46,36.56,33.75,35.42,5177540.67
2022-08-23,35.42,36.1,34.25,35.67,4456471.77
2022-08-24,35.67,36.37,34.32,34.9,4604191.08
2022-08-25,34.9,36.48,34.88,35.27,4930169.4
2022-08-26,35.27,35.72,31.39,31.73,9341595.85
2022-08-27,31.73,32.25,30.87,31.53,6003594.03
2022-08-28,31.53,32.21,30.23,30.43,4785214.2
2022-08-29,30.43,32.64,30.04,32.42,6967181.39
2022-08-30,32.42,33.14,30.65,31.44,6756600.86
2022-08-31,31.44,32.95,31.19,31.5,4444819.52
2022-09-01,31.5,31.78,30.47,31.6,4033754.65
2022-09-02,31.6,32.38,30.77,31.23,4597433.07
2022-09-03,31.23,31.27,30.81,31.13,2049964.36
2022-09-04,31.13,32.18,31.03,32.16,2699127.62
2022-09-05,32.16,32.49,31.12,32.18,3366886.05
2022-09-06,32.18,33.86,30.44,30.88,8294502.21
2022-09-07,30.88,32.93,30.33,32.69,5841916.67
2022-09-08,32.69,33.98,31.98,33.61,8505964.89
2022-09-09,33.61,35.95,33.58,34.67,9132351.53
2022-09-10,34.67,35.4,34.27,35.04,6260237.21
2022-09-11,35.04,35.99,34.06,35.0,6216912.89
2022-09-12,35.0,38.35,34.4,37.43,11594476.54
2022-09-13,37.43,38.95,32.93,33.0,12385324.46
2022-09-14,33.0,34.34,32.71,34.11,7894288.1
2022-09-15,34.11,34.81,32.46,33.09,9509075.73
2022-09-16,33.09,33.26,31.53,32.26,4263831.25
2022-09-17,32.26,33.89,32.23,33.69,3105651.3
2022-09-18,33.69,34.0,30.87,31.12,6482030.45
2022-09-19,31.12,33.09,30.57,32.63,9420618.23
2022-09-20,32.63,32.87,31.31,31.41,5122103.93
2022-09-21,31.41,33.42,30.04,30.68,9420246.86
2022-09-22,30.68,32.86,30.59,32.4,8174937.7
2022-09-23,32.4,33.96,31.23,33.66,8323764.49
2022-09-24,33.66,34.77,33.16,33.39,6762639.62
2022-09-25,33.39,34.03,31.87,32.35,5222029.28
2022-09-26,32.35,33.94,31.87,33.88,8519012.46
2022-09-27,33.88,35.37,32.09,32.69,10371624.83
2022-09-28,32.69,33.81,31.65,33.22,8695460.37
2022-09-29,33.22,34.4,32.68,33.92,8296375.12
2022-09-30,33.92,35.21,32.64,33.26,10002833.4
2022-10-01,33.26,33.26,32.37,32.45,4494694.26
2022-10-02,32.45,33.02,31.91,32.07,4650709.84
2022-10-03,32.07,33.26,31.75,32.9,5627688.61
2022-10-04,32.9,34.38,32.83,34.1,5714666.98
2022-10-05,34.1,34.37,33.18,34.05,6001488.41
2022-10-06,34.05,34.5,33.23,33.36,6323217.58
2022-10-07,33.36,33.77,32.44,32.99,5814804.21
2022-10-08,32.99,33.09,32.36,32.59,4255196.55
2022-10-09,32.59,33.15,32.42,32.92,4942563.85
2022-10-10,32.92,33.44,31.89,31.95,7474159.56
2022-10-11,31.95,31.95,30.45,30.8,5014400.36
2022-10-12,30.8,31.54,30.68,31.16,4255921.24
2022-10-13,31.16,31.22,27.98,30.48,13986800.59
2022-10-14,30.48,31.98,29.63,29.99,9924083.33
2022-10-15,29.99,30.2,29.42,29.61,10058551.31
2022-10-16,29.61,30.5,29.55,30.19,11838958.66
2022-10-17,30.19,31.29,29.83,31.2,9060647.84
2022-10-18,31.2,31.48,29.74,30.15,8876669.8
2022-10-19,30.15,30.27,28.66,28.85,9280347.13
2022-10-20,28.85,29.49,27.98,28.03,9184085.64
2022-10-21,28.03,28.28,26.85,28.11,10531217.47
2022-10-22,28.11,28.2,27.48,28.0,4053260.89
2022-10-23,28.0,29.43,27.75,29.27,4591691.11
2022-10-24,29.27,29.48,28.16,28.31,6769161.05
2022-10-25,28.31,32.3,28.06,30.86,11662827.81
2022-10-26,30.86,31.96,30.65,31.3,11117185.12
2022-10-27,31.3,32.34,30.47,30.57,9763636.86
2022-10-28,30.57,32.54,30.1,32.07,8595246.29
2022-10-29,32.07,33.81,31.84,32.86,6041812.99
2022-10-30,32.86,33.53,31.93,32.93,4677115.32
2022-10-31,32.93,34.63,32.19,32.57,9316031.43
2022-11-01,32.57,33.38,32.15,32.2,5880889.39
2022-11-02,32.2,32.92,30.25,30.82,5860370.56
2022-11-03,30.82,32.24,30.61,30.86,5749490.74
2022-11-04,30.86,34.21,30.66,33.76,11694419.45
2022-11-05,33.76,38.78,33.67,36.89,18616642.72
2022-11-06,36.89,37.05,32.41,32.66,12954234.15
2022-11-07,32.66,33.13,28.24,29.6,19918499.74
2022-11-08,29.6,31.42,20.81,24.33,50369307.27
2022-11-09,24.33,24.34,12.41,14.05,56538408.51
2022-11-10,14.05,18.82,13.18,17.65,42548968.44
2022-11-11,17.65,18.31,15.13,16.45,24511154.53
2022-11-12,16.45,16.52,14.47,14.57,9506300.17
2022-11-13,14.57,14.74,13.02,13.16,8337335.09
2022-11-14,13.16,15.0,12.08,14.0,13574327.05
2022-11-15,14.0,15.1,13.83,14.32,8332258.66
2022-11-16,14.32,14.63,13.64,14.3,4615317.97
2022-11-17,14.3,14.5,12.94,13.65,7296243.95
2022-11-18,13.65,13.89,13.0,13.27,3260421.96
2022-11-19,13.27,13.28,12.58,12.84,3160988.63
2022-11-20,12.84,13.58,12.1,12.27,5209674.19
2022-11-21,12.27,12.29,11.27,11.84,5542866.27
2022-11-22,11.84,12.5,10.94,12.43,6261327.48
2022-11-23,12.43,14.48,12.4,14.35,9003699.85
2022-11-24,14.35,14.95,13.84,14.58,5440354.91
2022-11-25,14.58,14.61,13.91,14.03,3179312.22
2022-11-26,14.03,14.97,13.97,14.17,3235259.36
2022-11-27,14.17,14.45,14.05,14.12,2293973.39
2022-11-28,14.12,14.17,12.78,13.32,5537313.17
2022-11-29,13.32,13.95,13.15,13.35,2977701.69
2022-11-30,13.35,14.31,13.22,14.15,4092709.02
2022-12-01,14.15,14.19,13.4,13.51,2868130.92
2022-12-02,13.51,13.83,13.33,13.72,3193429.16
2022-12-03,13.72,13.77,13.2,13.29,2114309.74
2022-12-04,13.29,13.75,13.27,13.71,1913248.1
2022-12-05,13.71,14.17,13.59,13.82,4389791.62
2022-12-06,13.82,14.37,13.81,14.3,3861275.54
2022-12-07,14.3,14.33,13.41,13.49,2948994.19
2022-12-08,13.49,13.77,13.28,13.69,2521425.77
2022-12-09,13.69,14.02,13.51,13.59,2908431.09
2022-12-10,13.59,13.72,13.54,13.58,1076454.87
2022-12-11,13.58,13.8,13.4,13.44,1382399.67
2022-12-12,13.44,13.5,12.85,13.31,3026924.09
2022-12-13,13.31,14.14,12.77,13.88,4432263.46
2022-12-14,13.88,14.95,13.81,14.12,5846955.61
2022-12-15,14.12,14.52,13.87,14.04,3176714.1
2022-12-16,14.04,14.16,12.01,12.24,5262469.97
2022-12-17,12.24,12.58,11.92,12.51,2849330.73
2022-12-18,12.51,12.6,12.26,12.37,1612098.27
2022-12-19,12.37,12.59,11.68,11.94,2844725.54
2022-12-20,11.94,12.48,11.84,12.27,2147370.74
2022-12-21,12.27,12.29,11.91,12.14,2041177.45
2022-12-22,12.14,12.18,11.68,11.81,2484912.29
2022-12-23,11.81,12.1,11.72,11.79,2191870.05
2022-12-24,11.79,11.79,11.11,11.45,2842808.55
2022-12-25,11.45,11.55,11.24,11.38,1278239.14
2022-12-26,11.38,11.48,11.07,11.33,2096114.53
2022-12-27,11.33,11.43,10.72,11.09,4036271.94
2022-12-28,11.09,11.12,9.403,9.76,9324853.12
2022-12-29,9.76,10.82,8.014,9.641,14499071.8
2022-12-30,9.641,10.24,9.005,9.9,14578270.07
2022-12-31,9.9,10.19,9.664,9.97,4220729.54
2023-01-01,9.97,10.08,9.692,9.99,2706380.13
2023-01-02,9.99,11.91,9.816,11.28,8572271.96
2023-01-03,11.28,13.87,11.01,13.38,16386573.53
2023-01-04,13.38,14.23,12.83,13.45,14005078.72
2023-01-05,13.45,13.88,12.95,13.43,6533308.86
2023-01-06,13.43,13.59,12.7,13.51,6073787.13
2023-01-07,13.51,13.51,13.01,13.09,2220790.72
2023-01-08,13.09,14.88,12.85,14.46,7010709.2
2023-01-09,14.46,17.49,14.29,16.25,21421602.4
2023-01-10,16.25,16.72,15.58,16.19,9335082.15
2023-01-11,16.19,16.66,15.28,16.34,7352532.62
2023-01-12,16.34,16.99,15.57,16.6,10887200.91
2023-01-13,16.6,18.63,16.3,18.3,11971904.06
2023-01-14,18.3,24.74,18.2,24.21,28470557.11
2023-01-15,24.21,24.98,21.99,22.89,12397221.8
2023-01-16,22.89,24.98,22.31,23.57,11103029.55
2023-01-17,23.57,23.95,22.71,22.87,6649961.58
2023-01-18,22.87,23.64,20.36,20.79,12508054.47
2023-01-19,20.79,21.87,20.42,21.4,6785588.94
2023-01-20,21.4,25.81,20.94,25.54,10495461.68
2023-01-21,25.54,26.58,24.3,24.56,13766828.57
2023-01-22,24.56,25.44,23.52,24.2,7216084.3
2023-01-23,24.2,24.91,23.72,24.32,6706694.55
2023-01-24,24.32,25.23,22.28,22.77,6642992.03
2023-01-25,22.77,25.42,22.25,24.52,9081409.06
2023-01-26,24.52,25.22,23.75,24.35,5984319.07
2023-01-27,24.35,24.95,23.29,24.43,5252718.38
2023-01-28,24.43,25.22,23.71,24.01,3654006.81
2023-01-29,24.01,26.79,23.73,26.08,8497436.01
2023-01-30,26.08,26.31,23.14,23.97,8204047.52
2023-01-31,23.97,24.46,23.5,23.92,4467565.73
2023-02-01,23.92,25.22,22.49,25.01,8004732.61
2023-02-02,25.01,26.14,24.08,24.25,8003786.81
2023-02-03,24.25,25.06,24.02,24.68,5223783.79
2023-02-04,24.68,24.94,24.18,24.34,2231085.8
2023-02-05,24.34,24.46,23.04,23.49,5112620.85
2023-02-06,23.49,23.72,22.46,22.66,3916320.5
2023-02-07,22.66,23.96,22.55,23.83,5312806.95
2023-02-08,23.83,24.24,22.81,23.2,4323569.15
2023-02-09,23.2,23.35,20.01,20.47,7017518.14
2023-02-10,20.47,21.2,19.69,20.13,5991638.37
2023-02-11,20.13,20.92,20.1,20.81,2022099.62
2023-02-12,20.81,22.57,20.62,21.49,4969762.68
2023-02-13,21.49,21.61,19.74,20.77,7151804.16
2023-02-14,20.77,22.36,20.66,21.84,8105058.18
2023-02-15,21.84,23.98,21.45,23.86,6355343.17
2023-02-16,23.86,24.17,22.21,22.29,7695929.23
2023-02-17,22.29,23.53,22.01,23.15,5216125.25
2023-02-18,23.15,23.92,22.92,23.45,2886237.56
2023-02-19,23.45,25.62,23.21,24.84,9009581.52
2023-02-20,24.84,27.11,24.13,26.26,11022148.82
2023-02-21,26.26,26.6,24.5,24.98,7302377.65
2023-02-22,24.98,25.24,23.21,24.16,7634009.65
2023-02-23,24.16,24.69,23.6,23.91,4643040.96
2023-02-24,23.91,24.13,22.46,23.07,5201546.67
2023-02-25,23.07,23.33,21.42,22.37,4818682.42
2023-02-26,22.37,23.53,22.21,23.25,2974981.06
2023-02-27,23.25,23.41,22.32,22.68,4081263.94
2023-02-28,22.68,22.75,21.76,21.89,2663044.21
2023-03-01,21.89,22.91,21.66,22.51,2805506.47
2023-03-02,22.51,22.65,21.67,22.0,2609104.45
2023-03-03,22.0,22.02,20.36,21.42,4260466.55
2023-03-04,21.42,21.62,20.2,20.98,2242735.22
2023-03-05,20.98,21.71,20.84,20.97,2126573.6
2023-03-06,20.97,21.19,20.47,20.63,2639361.13
2023-03-07,20.63,20.95,19.71,20.25,3614462.45
2023-03-08,20.25,20.39,18.11,18.41,6548479.34
2023-03-09,18.41,18.78,16.7,17.33,8559989.83
2023-03-10,17.33,18.36,16.0,18.17,10241899.35
2023-03-11,18.17,18.88,16.94,18.07,7190503.44
2023-03-12,18.07,20.52,17.71,20.2,7017301.96
2023-03-13,20.2,21.46,18.87,20.4,11391868.99
2023-03-14,20.4,22.12,19.75,20.86,10516279.16
2023-03-15,20.86,21.46,18.7,19.24,8191279.09
2023-03-16,19.24,19.9,18.88,19.67,4802701.19
2023-03-17,19.67,21.69,19.42,21.6,6476900.24
2023-03-18,21.6,22.94,21.05,21.2,8113212.86
2023-03-19,21.2,22.43,21.19,21.86,4846837.89
2023-03-20,21.86,23.91,21.35,22.13,10866597.0
2023-03-21,22.13,23.33,21.51,22.53,6966939.31
2023-03-22,22.53,23.09,20.93,21.42,9198908.96
2023-03-23,21.42,22.93,21.08,22.16,5453228.82
2023-03-24,22.16,22.27,20.26,20.66,5431958.27
2023-03-25,20.66,20.98,20.09,20.41,2524948.46
2023-03-26,20.41,21.14,20.29,20.94,2003232.54
2023-03-27,20.94,20.99,19.33,19.91,3821047.25
2023-03-28,19.91,20.88,19.6,20.45,3551201.42
2023-03-29,20.45,21.56,20.43,21.1,3626367.22
2023-03-30,21.1,21.67,20.16,20.55,4803264.28
2023-03-31,20.55,21.49,20.04,21.16,3514240.96
2023-04-01,21.16,21.34,20.74,21.08,1999540.57
2023-04-02,21.08,21.3,20.23,20.52,1989856.41
2023-04-03,20.52,20.99,19.94,20.45,4334251.19
2023-04-04,20.45,21.26,20.28,20.92,2724407.76
2023-04-05,20.92,21.34,20.58,20.97,3009283.48
2023-04-06,20.97,20.99,20.45,20.62,2493526.36
2023-04-07,20.62,20.78,20.22,20.44,1781077.23
2023-04-08,20.44,20.73,19.85,20.04,2171891.52
2023-04-09,20.04,20.44,19.87,20.28,1517327.79
2023-04-10,20.28,20.95,20.08,20.89,2234864.66
2023-04-11,20.89,23.68,20.82,22.98,10965490.81
2023-04-12,22.98,24.47,22.3,23.8,13280285.6
2023-04-13,23.8,25.29,23.63,24.43,7764358.41
2023-04-14,24.43,25.49,23.74,24.71,8810445.02
2023-04-15,24.71,24.8,23.81,24.05,3857125.6
2023-04-16,24.05,25.48,23.81,25.34,4570149.22
2023-04-17,25.34,26.0,24.29,24.58,7418606.19
2023-04-18,24.58,25.44,24.0,24.82,4415200.42
2023-04-19,24.82,24.98,21.95,22.66,9081918.4
2023-04-20,22.66,23.17,21.59,22.2,7502009.92
2023-04-21,22.2,22.41,21.0,21.25,5746059.53
2023-04-22,21.25,21.99,21.06,21.79,2530819.37
2023-04-23,21.79,22.25,20.93,21.47,3581638.91
2023-04-24,21.47,22.01,21.0,21.38,4180386.81
2023-04-25,21.38,21.97,20.73,21.93,4351068.05
2023-04-26,21.93,22.97,20.45,21.28,8897219.07
2023-04-27,21.28,22.51,21.18,22.33,6209889.44
2023-04-28,22.33,23.5,22.17,23.34,5632912.28
2023-04-29,23.34,23.88,22.92,23.18,4152473.62
2023-04-30,23.18,23.99,22.69,22.74,4061367.56
2023-05-01,22.74,22.88,21.56,21.96,5137069.42
2023-05-02,21.96,22.38,21.75,22.25,3294190.84
2023-05-03,22.25,22.3,21.23,22.24,5276927.72
2023-05-04,22.24,22.49,21.61,21.74,3155274.51
2023-05-05,21.74,23.07,21.6,22.82,4632175.6
2023-05-06,22.82,23.23,21.57,21.91,3837311.6
2023-05-07,21.91,22.78,21.63,21.66,3664350.65
2023-05-08,21.66,21.81,20.05,20.62,7070164.63
2023-05-09,20.62,21.0,20.41,20.65,3039845.13
2023-05-10,20.65,21.31,19.84,20.91,6539972.19
2023-05-11,20.91,20.93,19.71,20.17,4902692.13
2023-05-12,20.17,20.95,19.8,20.9,4201736.05
2023-05-13,20.9,21.29,20.77,20.84,2358640.4
2023-05-14,20.84,21.27,20.62,20.93,1988836.27
2023-05-15,20.93,21.52,20.6,20.99,3602065.23
2023-05-16,20.99,21.13,20.43,20.67,3271824.42
2023-05-17,20.67,21.23,20.42,21.06,3012963.36
2023-05-18,21.06,21.09,20.08,20.34,3085111.82
2023-05-19,20.34,20.59,20.21,20.36,1379293.86
2023-05-20,20.36,20.37,20.08,20.28,1058158.73
2023-05-21,20.28,20.39,19.34,19.61,2267115.33
2023-05-22,19.61,20.03,19.28,19.53,2438676.73
2023-05-23,19.53,20.18,19.42,20.02,2880832.88
2023-05-24,20.02,20.07,18.7,19.22,3317779.96
2023-05-25,19.22,19.57,18.77,19.25,1995475.78
2023-05-26,19.25,19.56,19.08,19.35,1205835.21
2023-05-27,19.35,20.54,19.33,20.43,1855180.78
2023-05-28,20.43,21.19,20.29,20.81,3317638.16
2023-05-29,20.81,20.98,20.26,20.57,2523247.72
2023-05-30,20.57,21.4,20.46,21.25,3813016.33
2023-05-31,21.25,21.33,20.38,20.82,2506817.29
2023-06-01,20.82,20.98,20.41,20.49,2092257.69
2023-06-02,20.49,21.37,20.3,21.26,2412452.41
2023-06-03,21.26,21.35,20.95,21.19,1317761.7
2023-06-04,21.19,22.3,21.03,21.82,3320827.66
2023-06-05,21.82,22.06,19.16,20.0,7286958.0
2023-06-06,20.0,20.7,19.23,20.38,5140315.22
2023-06-07,20.38,20.53,18.51,18.64,4460628.1
2023-06-08,18.64,19.11,18.23,18.89,3000046.41
2023-06-09,18.89,19.37,17.11,17.4,6008076.06
2023-06-10,17.4,17.43,13.09,15.61,21262676.05
2023-06-11,15.61,16.18,15.11,15.55,7473546.94
2023-06-12,15.55,15.69,14.74,15.19,6287247.52
2023-06-13,15.19,16.0,14.76,15.04,5685610.41
2023-06-14,15.04,15.37,14.07,14.48,4695031.58
2023-06-15,14.48,15.07,14.18,14.77,5663147.48
2023-06-16,14.77,15.47,14.39,15.31,3288527.98
2023-06-17,15.31,16.12,15.16,15.64,3023487.86
2023-06-18,15.64,15.84,15.29,15.45,1850485.62
2023-06-19,15.45,16.14,15.34,16.1,2209381.47
2023-06-20,16.1,16.69,15.73,16.64,3984491.23
2023-06-21,16.64,17.4,16.55,17.23,5317104.45
2023-06-22,17.23,17.75,16.57,16.62,4626122.4
2023-06-23,16.62,17.53,16.17,17.13,6065454.76
2023-06-24,17.13,17.53,16.37,16.64,3749630.78
2023-06-25,16.64,17.38,16.57,16.96,3745486.32
2023-06-26,16.96,17.12,15.91,16.27,4412402.69
2023-06-27,16.27,16.93,16.13,16.63,4111954.24
2023-06-28,16.63,16.65,15.62,15.97,5684258.23
2023-06-29,15.97,18.28,15.87,17.99,10442584.89
2023-06-30,17.99,20.03,17.26,18.86,15114650.77
2023-07-01,18.86,19.0,17.9,18.7,4863548.7
2023-07-02,18.7,19.74,18.53,19.45,6960512.46
2023-07-03,19.45,19.66,18.87,19.26,4407263.34
2023-07-04,19.26,19.94,19.06,19.13,4544474.96
2023-07-05,19.13,19.38,18.4,19.0,3622910.24
2023-07-06,19.0,20.98,18.82,19.61,12810961.77
2023-07-07,19.61,21.82,19.27,21.5,13281917.7
2023-07-08,21.5,22.49,21.32,21.81,8765468.57
2023-07-09,21.81,22.38,21.0,21.32,5226751.83
2023-07-10,21.32,21.81,20.48,21.3,7527639.43
2023-07-11,21.3,22.37,21.2,22.07,5970307.33
2023-07-12,22.07,22.75,21.75,21.94,7952714.16
2023-07-13,21.94,26.81,21.43,26.02,20785184.31
2023-07-14,26.02,31.77,25.23,26.67,25812653.21
2023-07-15,26.67,29.1,26.45,27.46,14412769.17
2023-07-16,27.46,28.67,26.55,27.42,8964650.79
2023-07-17,27.42,28.49,25.6,26.8,11592584.55
2023-07-18,26.8,27.09,24.76,25.54,8438964.93
2023-07-19,25.54,26.99,25.35,26.31,6411577.87
2023-07-20,26.31,27.38,25.03,25.38,6624993.27
2023-07-21,25.38,26.0,25.06,25.5,4125539.79
2023-07-22,25.5,25.97,24.07,24.52,3250458.8
2023-07-23,24.52,25.26,24.15,24.76,3035502.13
2023-07-24,24.76,24.83,22.89,23.37,5530676.66
2023-07-25,23.37,23.59,22.73,23.27,3376734.17
2023-07-26,23.27,25.68,23.17,25.17,7829278.21
2023-07-27,25.17,25.65,24.66,25.1,5404171.46
2023-07-28,25.1,25.56,24.54,24.82,3493264.43
2023-07-29,24.82,25.39,24.75,25.17,2271050.72
2023-07-30,25.17,25.21,23.54,24.25,3870459.53
2023-07-31,24.25,24.78,23.54,23.73,3969984.51
2023-08-01,23.73,24.07,22.88,24.05,4937230.67
2023-08-02,24.05,24.29,22.87,23.15,4262959.41
2023-08-03,23.15,23.38,22.46,22.64,3954767.41
2023-08-04,22.64,23.57,22.48,22.8,4021911.94
2023-08-05,22.8,22.94,22.23,22.65,2253344.41
2023-08-06,22.65,23.48,22.58,23.2,3300879.43
2023-08-07,23.2,23.67,22.32,23.12,4031204.0
2023-08-08,23.12,24.79,23.02,24.22,5744869.48
2023-08-09,24.22,24.99,24.1,24.38,4943833.78
2023-08-10,24.38,24.89,24.13,24.62,3221204.07
2023-08-11,24.62,24.93,24.34,24.62,2972896.39
2023-08-12,24.62,25.23,24.4,24.91,2250834.48
2023-08-13,24.91,24.95,24.21,24.23,2469825.65
2023-08-14,24.23,25.3,24.06,25.18,3602667.19
2023-08-15,25.18,25.41,23.74,23.9,5027650.01
2023-08-16,23.9,24.03,22.37,22.82,5726993.13
2023-08-17,22.82,23.43,20.36,21.66,8462917.27
2023-08-18,21.66,22.2,20.93,21.34,5059632.53
2023-08-19,21.34,22.18,21.29,21.9,2204571.22
2023-08-20,21.9,22.04,21.57,21.77,1373465.99
2023-08-21,21.77,21.79,20.39,21.2,3817678.27
2023-08-22,21.2,21.26,19.42,20.59,4920912.65
2023-08-23,20.59,21.82,20.35,21.74,4936811.29
2023-08-24,21.74,22.02,20.67,21.06,3533605.97
2023-08-25,21.06,21.06,20.09,20.42,3035748.69
2023-08-26,20.42,20.44,20.19,20.29,997379.3
2023-08-27,20.29,20.92,20.24,20.79,1494338.48
2023-08-28,20.79,20.79,20.05,20.56,2183479.27
2023-08-29,20.56,22.04,20.12,21.79,6578956.02
2023-08-30,21.79,21.99,20.6,20.82,3176075.44
2023-08-31,20.82,21.06,19.44,19.74,4318605.49
2023-09-01,19.74,19.93,19.02,19.33,3465851.53
2023-09-02,19.33,19.69,19.13,19.5,1847712.99
2023-09-03,19.5,19.67,19.23,19.57,1311513.8
2023-09-04,19.57,20.05,19.15,19.52,2744903.12
2023-09-05,19.52,20.6,19.04,20.26,5352039.34
2023-09-06,20.26,20.39,19.15,19.64,4309576.11
2023-09-07,19.64,20.0,19.32,19.92,2995307.29
2023-09-08,19.92,20.28,19.37,19.61,2516937.49
2023-09-09,19.61,19.61,19.38,19.44,907124.48
2023-09-10,19.44,19.44,17.81,18.24,10386906.54
2023-09-11,18.24,18.46,17.37,17.72,6427875.45
2023-09-12,17.72,18.76,17.57,17.92,6464071.55
2023-09-13,17.92,18.55,17.69,18.4,6146921.89
2023-09-14,18.4,19.33,18.38,18.85,5798339.91
2023-09-15,18.85,19.5,18.55,19.14,2717145.7
2023-09-16,19.14,19.46,18.86,19.12,1870601.26
2023-09-17,19.12,19.14,18.65,18.81,1415613.06
2023-09-18,18.81,20.15,18.58,19.64,4870258.12
2023-09-19,19.64,20.41,19.58,20.03,4045752.35
2023-09-20,20.03,20.53,19.8,20.29,3274431.73
2023-09-21,20.29,20.29,19.29,19.46,3651510.96
2023-09-22,19.46,19.81,19.15,19.43,2385807.75
2023-09-23,19.43,19.57,19.29,19.49,1141645.72
2023-09-24,19.49,19.68,19.21,19.36,1435435.18
2023-09-25,19.36,19.74,19.07,19.39,2303250.9
2023-09-26,19.39,19.53,18.85,19.03,2483366.67
2023-09-27,19.03,19.48,18.73,19.14,2996827.42
2023-09-28,19.14,19.98,19.1,19.96,3356719.36
2023-09-29,19.96,20.46,19.85,20.28,3283922.71
2023-09-30,20.28,21.81,20.07,21.37,4714107.26
2023-10-01,21.37,24.5,21.13,23.87,8401396.76
2023-10-02,23.87,24.78,22.9,23.37,8310160.73
2023-10-03,23.37,24.78,23.21,23.6,7777623.97
2023-10-04,23.6,23.86,22.58,23.13,5054968.57
2023-10-05,23.13,23.76,22.53,22.7,4159637.92
2023-10-06,22.7,23.76,22.66,23.41,5152260.3
2023-10-07,23.41,24.21,23.08,23.3,3614628.65
2023-10-08,23.3,23.64,23.06,23.22,2374949.45
2023-10-09,23.22,23.37,21.62,22.1,4978741.71
2023-10-10,22.1,22.48,21.69,22.11,2930604.27
2023-10-11,22.11,22.42,21.62,22.01,3595643.85
2023-10-12,22.01,22.05,20.94,21.28,3623671.88
2023-10-13,21.28,22.22,21.11,21.84,3024700.7
2023-10-14,21.84,22.29,21.8,22.0,1818876.08
2023-10-15,22.0,22.17,21.66,21.93,1885629.94
2023-10-16,21.93,24.52,21.89,23.95,9146691.22
2023-10-17,23.95,24.56,23.49,23.93,5840554.67
2023-10-18,23.93,24.41,23.36,23.42,3817432.12
2023-10-19,23.42,25.73,23.14,24.93,7521444.41
2023-10-20,24.93,27.52,24.73,27.03,9935038.55
2023-10-21,27.03,30.31,26.65,29.32,12184525.45
2023-10-22,29.32,30.01,28.1,29.05,7019340.51
2023-10-23,29.05,32.83,28.74,31.88,15614435.73
2023-10-24,31.88,32.61,29.5,30.17,13997448.67
2023-10-25,30.17,33.91,30.0,32.44,13416055.93
2023-10-26,32.44,33.28,30.73,32.77,8804854.25
2023-10-27,32.77,33.35,31.24,31.73,7919077.54
2023-10-28,31.73,32.51,31.35,31.63,3354311.89
2023-10-29,31.63,33.19,31.29,32.83,4503846.05
2023-10-30,32.83,35.35,32.3,34.94,9723019.8
2023-10-31,34.94,38.62,34.82,38.4,12128095.31
2023-11-01,38.4,46.82,37.82,41.15,27309473.59
2023-11-02,41.15,44.57,38.65,40.23,19930601.4
2023-11-03,40.23,40.25,38.0,39.45,14043341.12
2023-11-04,39.45,42.71,39.0,42.41,11468078.13
2023-11-05,42.41,42.85,40.16,41.15,6179492.57
2023-11-06,41.15,42.2,39.66,42.15,7309422.16
2023-11-07,42.15,44.7,40.09,42.93,12658766.2
2023-11-08,42.93,43.88,42.25,43.13,6599307.15
2023-11-09,43.13,48.88,42.5,45.29,17772437.96
2023-11-10,45.29,57.53,45.06,56.68,21387047.12
2023-11-11,56.68,63.96,53.55,56.35,21207248.7
2023-11-12,56.35,61.87,54.64,56.28,15045156.63
2023-11-13,56.28,59.84,51.49,51.61,16745422.2
2023-11-14,51.61,57.95,51.28,56.82,18576226.56
2023-11-15,56.82,67.1,56.15,65.45,20144701.46
2023-11-16,65.45,68.2,56.39,57.78,21395669.09
2023-11-17,57.78,60.57,54.14,58.51,19569252.02
2023-11-18,58.51,59.36,54.71,58.56,11330044.75
2023-11-19,58.56,62.1,56.62,61.1,10774306.37
2023-11-20,61.1,61.32,56.08,56.57,10865266.71
2023-11-21,56.57,57.39,51.41,51.69,15887270.87
2023-11-22,51.69,58.93,51.5,57.56,11676288.58
2023-11-23,57.56,59.62,56.14,56.51,7703285.85
2023-11-24,56.51,58.77,56.2,56.87,6004197.76
2023-11-25,56.87,59.81,55.73,58.82,6289474.78
2023-11-26,58.82,59.03,56.21,57.57,4471271.74
2023-11-27,57.57,58.08,53.48,55.05,7162951.21
2023-11-28,55.05,58.64,53.94,58.18,8360339.12
2023-11-29,58.18,61.78,57.73,59.31,11039163.48
2023-11-30,59.31,61.71,58.76,59.3,7118043.95
2023-12-01,59.3,61.9,58.61,59.75,7997012.14
2023-12-02,59.75,63.9,59.67,63.67,7551548.54
2023-12-03,63.67,65.53,62.23,62.98,6991968.8
2023-12-04,62.98,65.24,60.04,61.64,11705385.69
2023-12-05,61.64,62.6,59.12,61.03,9562105.86
2023-12-06,61.03,66.67,61.03,61.85,17839885.07
2023-12-07,61.85,69.37,61.64,67.75,16312931.22
2023-12-08,67.75,75.3,67.75,74.93,17451065.41
2023-12-09,74.93,77.76,71.69,72.29,14425861.37
2023-12-10,72.29,74.88,70.73,74.86,8581634.72
2023-12-11,74.86,74.99,66.21,70.25,19674716.56
2023-12-12,70.25,72.41,65.76,68.59,11938222.7
2023-12-13,68.59,72.55,63.74,70.61,12504478.9
2023-12-14,70.61,76.24,69.67,75.68,12305668.07
2023-12-15,75.68,79.48,72.13,72.51,14036188.48
2023-12-16,72.51,77.23,71.26,73.72,8303224.66
2023-12-17,73.72,75.04,70.48,70.87,7419216.44
2023-12-18,70.87,75.47,67.05,74.42,11383337.32
2023-12-19,74.42,76.36,71.81,73.02,9249884.04
2023-12-20,73.02,84.14,72.98,82.23,17163344.72
2023-12-21,82.23,95.53,81.05,93.84,19904841.19
2023-12-22,93.84,99.47,90.63,97.89,19568558.67
2023-12-23,97.89,110.11,92.82,107.87,13445708.89
2023-12-24,107.87,118.05,107.31,112.45,19284600.89
2023-12-25,112.45,126.33,107.96,120.9,17552696.16
2023-12-26,120.9,121.32,103.84,112.48,20361656.76
2023-12-27,112.48,115.33,104.7,106.91,14538642.91
2023-12-28,106.91,109.58,97.33,101.8,15756355.59
2023-12-29,101.8,109.94,99.23,106.15,14443124.12
2023-12-30,106.15,107.47,100.64,101.88,6450923.6
2023-12-31,101.88,105.21,99.57,101.72,5986408.27
2024-01-01,101.72,109.93,101.46,109.92,6782463.91
2024-01-02,109.92,116.94,106.03,106.73,11807718.31
2024-01-03,106.73,109.9,95.06,98.53,11410131.42
2024-01-04,98.53,108.04,96.67,104.91,10762473.11
2024-01-05,104.91,105.44,95.43,99.93,10865054.1
2024-01-06,99.93,100.3,91.56,93.78,8090120.64
2024-01-07,93.78,96.77,87.74,89.44,8273121.68
2024-01-08,89.44,99.94,85.29,97.89,14443006.66
2024-01-09,97.89,103.94,95.39,99.35,13979020.17
2024-01-10,99.35,105.52,92.07,102.01,13943539.25
2024-01-11,102.01,107.24,97.65,99.9,13454237.86
2024-01-12,99.9,100.49,87.18,92.12,9736879.98
2024-01-13,92.12,97.05,89.51,95.85,5831195.5
2024-01-14,95.85,102.88,93.67,93.83,8893214.53
2024-01-15,93.83,96.95,93.0,94.37,5280870.96
2024-01-16,94.37,98.73,94.17,97.61,5612568.93
2024-01-17,97.61,102.81,96.58,102.11,10858810.9
2024-01-18,102.11,103.57,91.42,94.39,9339986.59
2024-01-19,94.39,95.46,87.05,93.62,9533021.66
2024-01-20,93.62,94.26,90.19,92.87,4364896.8
2024-01-21,92.87,93.93,90.8,91.08,3104888.36
2024-01-22,91.08,91.89,82.09,83.84,11150719.66
2024-01-23,83.84,85.98,78.99,84.34,12833086.56
2024-01-24,84.34,89.44,83.31,88.77,9267010.47
2024-01-25,88.77,89.63,85.09,86.91,6072388.68
2024-01-26,86.91,93.72,85.98,92.28,7164855.99
2024-01-27,92.28,94.5,90.68,94.28,4010247.04
2024-01-28,94.28,99.44,93.36,95.98,8273285.58
2024-01-29,95.98,101.97,95.07,101.68,8414763.14
2024-01-30,101.68,106.46,100.97,101.4,10160307.25
2024-01-31,101.4,102.72,95.9,96.96,12799799.84
2024-02-01,96.96,98.1,93.11,97.81,9880580.46
2024-02-02,97.81,102.57,97.39,100.58,8117657.66
2024-02-03,100.58,101.24,96.57,97.96,4046416.59
2024-02-04,97.96,98.59,95.08,95.49,4225382.51
2024-02-05,95.49,98.7,94.15,95.66,5874181.51
2024-02-06,95.66,97.89,93.0,96.88,6318356.83
2024-02-07,96.88,101.57,94.63,101.14,6495964.05
2024-02-08,101.14,104.97,100.52,102.76,7673286.56
2024-02-09,102.76,109.13,102.76,106.94,10185253.06
2024-02-10,106.94,110.86,106.87,109.01,6019344.76
2024-02-11,109.01,110.67,107.25,107.47,4438293.1
2024-02-12,107.47,112.22,103.42,111.65,9353182.08
2024-02-13,111.65,115.08,108.25,112.48,8623250.29
2024-02-14,112.48,118.69,110.64,116.98,7347716.11
2024-02-15,116.98,118.38,111.51,113.51,7432549.33
2024-02-16,113.51,114.25,108.04,110.33,6594416.14
2024-02-17,110.33,111.06,105.31,108.92,4597244.09
2024-02-18,108.92,114.04,107.52,112.23,5006197.85
2024-02-19,112.23,114.85,110.81,111.53,6286526.67
2024-02-20,111.53,112.12,103.91,108.31,9221564.9
2024-02-21,108.31,108.4,100.23,105.03,7774564.75
2024-02-22,105.03,107.09,101.52,101.75,6360526.13
2024-02-23,101.75,103.1,98.66,99.89,5685723.33
2024-02-24,99.89,104.82,98.48,104.02,3935871.79
2024-02-25,104.02,104.42,102.03,103.47,3154600.29
2024-02-26,103.47,110.85,100.29,109.91,8602089.76
2024-02-27,109.91,112.31,105.33,108.36,9834638.35
2024-02-28,108.36,119.08,107.25,119.05,17781810.19
2024-02-29,119.05,134.64,117.25,125.67,22487551.34
2024-03-01,125.67,137.8,125.6,129.4,14349431.02
2024-03-02,129.4,131.67,127.24,130.02,8216153.75
2024-03-03,130.02,132.12,125.12,130.16,8546752.36
2024-03-04,130.16,134.94,127.46,133.32,12966988.98
2024-03-05,133.32,142.7,110.51,125.32,27429080.97
2024-03-06,125.32,134.94,120.09,130.8,15094239.2
2024-03-07,130.8,149.31,130.53,143.82,17575575.02
2024-03-08,143.82,152.63,142.02,144.78,12393487.1
2024-03-09,144.78,149.15,143.56,144.28,5683983.41
2024-03-10,144.28,148.5,140.44,144.4,7039463.02
2024-03-11,144.4,150.19,136.93,148.84,11851041.83
2024-03-12,148.84,155.02,142.08,151.05,14301577.63
2024-03-13,151.05,166.73,148.73,163.89,11959139.45
2024-03-14,163.89,178.43,159.37,176.66,16897569.88
2024-03-15,176.66,188.96,164.92,183.96,28351169.71
2024-03-16,183.96,197.92,176.91,182.05,21146760.08
2024-03-17,182.05,204.81,178.64,201.85,16725039.34
2024-03-18,201.85,210.1,193.9,195.91,18956689.71
2024-03-19,195.91,198.66,166.02,169.85,27176674.34
2024-03-20,169.85,193.17,162.46,191.78,19903655.34
2024-03-21,191.78,195.59,175.88,179.47,12767056.22
2024-03-22,179.47,181.92,167.63,175.16,10178288.76
2024-03-23,175.16,178.95,170.41,172.65,6201539.5
2024-03-24,172.65,186.76,171.31,183.86,5890651.32
2024-03-25,183.86,194.55,180.98,188.99,8319586.6
2024-03-26,188.99,196.56,186.09,190.46,7025098.45
2024-03-27,190.46,192.7,180.09,186.32,8143553.86
2024-03-28,186.32,190.95,180.94,189.64,5851260.94
2024-03-29,189.64,192.95,183.4,192.05,5784753.45
2024-03-30,192.05,199.93,190.76,194.2,5288396.88
2024-03-31,194.2,203.15,193.71,202.47,3637530.74
2024-04-01,202.47,204.38,187.07,192.23,7123639.69
2024-04-02,192.23,192.24,175.95,181.52,8869246.55
2024-04-03,181.52,191.84,177.08,185.07,7474778.88
2024-04-04,185.07,190.15,180.11,184.02,5764129.8
2024-04-05,184.02,185.09,168.02,174.38,8082919.44
2024-04-06,174.38,179.85,173.56,178.68,4019733.8
2024-04-07,178.68,182.69,176.89,179.53,3862496.47
2024-04-08,179.53,184.67,175.3,180.69,6021844.13
2024-04-09,180.69,180.9,169.16,172.42,5295761.84
2024-04-10,172.42,175.48,162.97,173.32,7413024.04
2024-04-11,173.32,176.33,170.07,172.36,5929243.0
2024-04-12,172.36,175.96,145.41,153.16,10829334.49
2024-04-13,153.16,154.96,119.98,138.44,24423373.43
2024-04-14,138.44,152.76,130.48,151.26,20980928.02
2024-04-15,151.26,156.01,133.65,138.52,16039777.73
2024-04-16,138.52,140.57,126.53,136.22,15826863.06
2024-04-17,136.22,142.72,126.9,131.84,15449916.24
2024-04-18,131.84,144.01,127.65,142.06,12796009.67
2024-04-19,142.06,147.47,128.55,142.5,17410648.54
2024-04-20,142.5,152.39,139.69,151.23,7558981.02
2024-04-21,151.23,153.49,146.73,148.8,5731144.76
2024-04-22,148.8,158.5,146.68,156.95,7772317.76
2024-04-23,156.95,160.0,153.05,154.76,6506238.61
2024-04-24,154.76,159.77,145.59,147.78,9835944.2
2024-04-25,147.78,149.6,142.09,144.85,8378533.46
2024-04-26,144.85,146.18,138.8,139.23,5879049.31
2024-04-27,139.23,143.03,133.42,141.31,6129070.43
2024-04-28,141.31,144.76,137.05,137.99,4599772.55
2024-04-29,137.99,138.93,133.42,137.77,6887556.65
2024-04-30,137.77,139.76,121.25,126.76,9956949.44
2024-05-01,126.76,135.95,118.89,134.64,13215988.4
2024-05-02,134.64,140.79,128.24,137.58,9541389.31
2024-05-03,137.58,144.98,135.94,143.69,7532511.17
2024-05-04,143.69,149.14,142.25,146.06,4894477.37
2024-05-05,146.06,148.0,143.16,145.73,3725170.68
2024-05-06,145.73,156.87,145.41,152.83,8212820.77
2024-05-07,152.83,159.19,147.84,148.04,7573415.45
2024-05-08,148.04,150.41,140.02,142.18,7244926.33
2024-05-09,142.18,153.39,140.62,152.57,6190833.81
2024-05-10,152.57,155.74,144.53,146.02,6988088.5
2024-05-11,146.02,147.69,143.15,145.42,3070000.05
2024-05-12,145.42,147.78,142.6,143.43,2252353.8
2024-05-13,143.43,150.82,137.83,147.53,7016342.79
2024-05-14,147.53,149.07,141.84,142.03,5499896.34
2024-05-15,142.03,158.79,141.23,158.51,7514176.49
2024-05-16,158.51,164.77,156.6,159.36,6808457.31
2024-05-17,159.36,173.18,159.33,169.44,6365752.34
2024-05-18,169.44,176.0,168.67,172.4,4385863.51
2024-05-19,172.4,175.47,166.08,169.93,4250393.52
2024-05-20,169.93,188.27,167.59,186.7,8639751.33
2024-05-21,186.7,188.88,174.42,178.16,8879124.22
2024-05-22,178.16,183.48,175.06,176.97,7214392.72
2024-05-23,176.97,181.02,167.02,176.18,10422486.65
2024-05-24,176.18,176.18,162.59,167.7,8045137.68
2024-05-25,167.7,170.5,165.93,168.36,3827386.41
2024-05-26,168.36,168.39,161.06,163.42,4782874.32
2024-05-27,163.42,172.28,163.3,170.15,5236924.5
2024-05-28,170.15,173.25,164.94,168.69,6960298.64
2024-05-29,168.69,173.9,167.15,168.32,5719864.59
2024-05-30,168.32,172.7,163.57,166.88,5904796.15
2024-05-31,166.88,170.92,163.83,165.66,4659666.96
2024-06-01,165.66,167.92,165.65,166.14,1982145.72
2024-06-02,166.14,167.1,161.37,163.15,3050119.08
2024-06-03,163.15,167.21,161.82,164.9,4500849.1
2024-06-04,164.9,171.86,164.43,171.77,4036587.22
2024-06-05,171.77,175.59,170.67,173.54,4653914.29
2024-06-06,173.54,174.37,167.75,170.15,3790924.29
2024-06-07,170.15,172.77,154.78,162.51,6232212.15
2024-06-08,162.51,163.76,157.38,157.83,3505104.31
2024-06-09,157.83,163.03,156.55,162.11,2845183.88
2024-06-10,162.11,163.15,157.49,159.05,3479340.76
2024-06-11,159.05,159.73,145.27,149.31,7080443.83
2024-06-12,149.31,161.78,145.49,155.23,6870860.54
2024-06-13,155.23,155.23,146.06,147.28,4612066.4
2024-06-14,147.28,149.0,139.69,143.05,5516429.81
2024-06-15,143.05,145.76,142.92,145.51,2585237.75
2024-06-16,145.51,151.3,143.06,151.29,2759944.59
2024-06-17,151.29,151.75,139.97,143.27,5747264.36
2024-06-18,143.27,143.79,129.82,137.41,11110939.76
2024-06-19,137.41,141.89,134.49,135.62,6021990.19
2024-06-20,135.62,141.27,131.91,133.56,6039761.86
2024-06-21,133.56,135.38,128.77,134.6,5796524.71
2024-06-22,134.6,136.74,133.02,133.69,2457749.93
2024-06-23,133.69,135.09,128.23,128.68,2942839.83
2024-06-24,128.68,132.63,122.81,132.33,9922680.83
2024-06-25,132.33,139.89,131.21,136.58,6664003.05
2024-06-26,136.58,140.4,134.85,136.81,4401675.01
2024-06-27,136.81,151.2,135.21,149.71,7890337.88
2024-06-28,149.71,150.75,139.04,140.03,6194182.76
2024-06-29,140.03,143.23,139.7,140.28,2835531.26
2024-06-30,140.28,147.58,137.16,146.62,3996292.26
2024-07-01,146.62,149.31,145.88,146.68,4471482.57
2024-07-02,146.68,154.99,146.15,154.02,5087334.68
2024-07-03,154.02,154.49,139.14,140.83,7275954.68
2024-07-04,140.83,142.74,127.21,127.86,9819607.88
2024-07-05,127.86,136.42,121.46,134.32,13956951.5
2024-07-06,134.32,144.17,132.35,143.04,5244088.32
2024-07-07,143.04,143.32,131.24,131.63,4850389.2
2024-07-08,131.63,141.9,127.88,139.82,10140219.19
2024-07-09,139.82,144.26,136.46,141.42,6349197.56
2024-07-10,141.42,146.15,138.61,141.99,4906655.79
2024-07-11,141.99,145.48,135.68,135.74,5785391.95
2024-07-12,135.74,140.53,133.97,139.46,4906355.22
2024-07-13,139.46,143.56,137.94,141.9,2701108.76
2024-07-14,141.9,148.54,141.88,147.68,5133379.88
2024-07-15,147.68,159.93,147.04,159.38,6143572.62
2024-07-16,159.38,162.47,152.58,160.62,7013676.88
2024-07-17,160.62,163.75,154.73,155.5,5048239.49
2024-07-18,155.5,161.57,155.19,159.21,4700604.41
2024-07-19,159.21,171.78,156.15,169.13,8331493.45
2024-07-20,169.13,175.05,167.3,173.62,4058668.51
2024-07-21,173.62,185.1,170.8,184.48,6689231.65
2024-07-22,184.48,184.95,176.76,178.9,5790583.84
2024-07-23,178.9,180.51,170.55,173.03,7060767.91
2024-07-24,173.03,182.46,171.0,178.06,6583315.39
2024-07-25,178.06,179.59,165.51,171.85,9242273.72
2024-07-26,171.85,184.25,171.69,183.07,5931875.85
2024-07-27,183.07,188.28,178.3,183.95,6762798.58
2024-07-28,183.95,186.68,181.18,184.9,3625378.22
2024-07-29,184.9,193.91,181.61,182.57,7476728.39
2024-07-30,182.57,184.85,175.5,179.16,5572075.48
2024-07-31,179.16,184.54,171.61,171.7,6079042.54
2024-08-01,171.7,172.89,157.95,167.38,10048717.75
2024-08-02,167.38,169.42,150.02,152.76,10424613.68
2024-08-03,152.76,154.02,139.99,142.52,9343299.96
2024-08-04,142.52,146.04,131.44,138.31,12112429.58
2024-08-05,138.31,139.34,110.08,129.76,48357403.19
2024-08-06,129.76,149.54,129.41,144.41,15656180.49
2024-08-07,144.41,154.98,142.36,144.77,14646713.48
2024-08-08,144.77,163.65,141.42,163.14,13498311.88
2024-08-09,163.14,163.52,150.81,156.27,8097647.89
2024-08-10,156.27,158.71,152.64,154.02,3840036.62
2024-08-11,154.02,157.98,141.2,141.56,6452141.51
2024-08-12,141.56,150.78,141.22,146.3,9115469.44
2024-08-13,146.3,149.8,142.95,146.65,5847369.28
2024-08-14,146.65,152.13,142.43,143.7,6998271.65
2024-08-15,143.7,147.58,137.83,142.57,8073755.7
2024-08-16,142.57,144.88,136.15,139.04,7162297.48
2024-08-17,139.04,141.97,137.63,141.92,3012434.19
2024-08-18,141.92,147.12,140.6,142.41,4247732.85
2024-08-19,142.41,146.16,140.36,144.28,5065831.01
2024-08-20,144.28,148.78,141.0,142.28,5322406.94
2024-08-21,142.28,144.36,138.82,142.78,4840204.43
2024-08-22,142.78,144.85,140.69,143.22,3338897.32
2024-08-23,143.22,153.98,142.73,153.24,6562499.52
2024-08-24,153.24,162.27,151.98,160.67,6417457.83
2024-08-25,160.67,161.96,155.27,158.92,4703197.95
2024-08-26,158.92,161.97,155.57,157.11,5997409.33
2024-08-27,157.11,159.68,145.14,146.8,6730535.44
2024-08-28,146.8,148.85,140.58,143.94,7717487.39
2024-08-29,143.94,147.32,138.09,140.01,5271307.62
2024-08-30,140.01,141.11,132.15,137.99,7282169.69
2024-08-31,137.99,139.21,134.52,135.34,2410776.24
2024-09-01,135.34,136.11,127.75,128.5,5560376.96
2024-09-02,128.5,135.38,126.92,134.94,5769868.43
2024-09-03,134.94,137.72,127.19,127.56,5104078.75
2024-09-04,127.56,134.96,123.17,133.64,7171466.24
2024-09-05,133.64,135.45,127.95,129.41,5010750.66
2024-09-06,129.41,134.27,120.57,125.05,10055885.58
2024-09-07,125.05,129.47,124.14,127.71,3794237.48
2024-09-08,127.71,131.68,126.62,130.13,3763592.52
2024-09-09,130.13,137.02,127.0,135.06,6693872.05
2024-09-10,135.06,137.97,132.53,135.63,4370156.68
2024-09-11,135.63,135.9,128.22,132.41,5648945.23
2024-09-12,132.41,136.71,132.38,136.05,4444083.95
2024-09-13,136.05,139.8,131.71,139.0,4658011.39
2024-09-14,139.0,139.77,135.62,137.14,2568098.14
2024-09-15,137.14,137.92,130.51,131.39,3305783.74
2024-09-16,131.39,132.39,128.95,131.47,3991079.64
2024-09-17,131.47,135.53,130.34,131.53,4297593.26
2024-09-18,131.53,134.4,127.15,134.34,6234806.68
2024-09-19,134.34,144.03,134.29,142.87,7119402.7
2024-09-20,142.87,152.42,141.18,146.67,7671148.02
2024-09-21,146.67,149.86,144.63,149.42,3261696.07
2024-09-22,149.42,149.9,141.16,144.64,3830880.25
2024-09-23,144.64,149.05,142.15,144.78,5490048.03
2024-09-24,144.78,153.97,143.11,152.73,7003449.29
2024-09-25,152.73,153.9,147.32,147.98,5567034.85
2024-09-26,147.98,158.03,146.59,155.54,7337654.17
2024-09-27,155.54,161.33,153.98,157.64,6436632.08
2024-09-28,157.64,159.42,155.03,156.75,2890192.42
2024-09-29,156.75,161.76,155.11,158.46,4129608.21
2024-09-30,158.46,159.76,151.76,152.51,5569080.74
2024-10-01,152.51,157.34,142.3,145.16,9075662.97
2024-10-02,145.16,148.94,138.64,140.19,6765392.16
2024-10-03,140.19,142.94,133.12,136.82,7167107.25
2024-10-04,136.82,144.55,135.96,143.22,5488272.06
2024-10-05,143.22,144.92,141.07,142.59,2707572.23
2024-10-06,142.59,146.74,142.01,146.49,2730284.55
2024-10-07,146.49,152.31,143.51,143.98,6219594.79
2024-10-08,143.98,145.6,141.2,143.5,3880034.24
2024-10-09,143.5,145.33,138.68,139.33,3829172.59
2024-10-10,139.33,140.89,135.52,139.04,4214750.29
2024-10-11,139.04,146.55,138.71,145.51,4066456.28
2024-10-12,145.51,147.26,144.7,146.39,2450870.0
2024-10-13,146.39,148.84,144.5,147.73,2930836.81
2024-10-14,147.73,158.07,146.81,157.58,6588528.16
2024-10-15,157.58,159.49,150.59,154.75,7703590.52
2024-10-16,154.75,158.39,153.01,154.28,4957309.4
2024-10-17,154.28,155.73,147.71,150.51,4548678.75
2024-10-18,150.51,156.64,149.63,154.94,3402992.36
2024-10-19,154.94,159.81,153.59,159.76,3007470.46
2024-10-20,159.76,167.94,157.61,167.4,5311281.21
2024-10-21,167.4,171.69,161.25,166.18,7960057.33
2024-10-22,166.18,170.98,163.07,167.59,6763732.84
2024-10-23,167.59,174.27,164.16,170.85,7673821.02
2024-10-24,170.85,179.27,170.51,177.19,6547147.4
2024-10-25,177.19,177.56,160.2,164.94,9728950.36
2024-10-26,164.94,173.24,162.47,170.88,5225459.43
2024-10-27,170.88,178.26,170.28,176.68,4346369.5
2024-10-28,176.68,179.74,172.5,178.28,6586186.74
2024-10-29,178.28,183.36,176.43,179.43,6915107.16
2024-10-30,179.43,181.33,173.15,174.88,5034792.58
2024-10-31,174.88,176.53,167.58,168.7,4736953.19
2024-11-01,168.7,174.01,163.66,166.11,5770710.62
2024-11-02,166.11,168.6,162.13,166.16,2975417.36
2024-11-03,166.16,166.6,157.9,162.52,5173406.42
2024-11-04,162.52,165.02,155.13,157.96,5197090.36
2024-11-05,157.96,169.29,156.88,166.63,5933112.95
2024-11-06,166.63,190.0,166.42,186.57,16918515.83
2024-11-07,186.57,197.82,185.88,196.33,7322673.79
2024-11-08,196.33,205.0,195.65,199.85,8596990.89
2024-11-09,199.85,203.42,194.96,199.89,5171390.99
2024-11-10,199.89,215.26,198.71,210.08,13595434.62
2024-11-11,210.08,223.99,204.15,222.14,14921769.26
2024-11-12,222.14,225.19,204.85,211.66,16161317.2
2024-11-13,211.66,220.42,200.74,215.14,17630139.24
2024-11-14,215.14,222.8,206.8,209.55,12242021.56
2024-11-15,209.55,220.46,204.49,218.44,8776901.83
2024-11-16,218.44,221.93,213.48,215.71,6770902.84
2024-11-17,215.71,242.2,212.14,237.46,13740984.4
2024-11-18,237.46,248.44,234.02,239.79,12029807.04
2024-11-19,239.79,247.48,233.47,237.62,9370458.2
2024-11-20,237.62,242.49,230.43,235.47,8734015.47
2024-11-21,235.47,259.69,229.75,256.39,13963379.98
2024-11-22,256.39,264.34,251.52,256.91,8907698.97
2024-11-23,256.91,263.95,252.74,254.89,7803289.87
2024-11-24,254.89,259.76,241.7,252.74,6178517.45
2024-11-25,252.74,256.59,231.27,234.18,8057495.67
2024-11-26,234.18,239.66,221.95,230.7,8622514.09
2024-11-27,230.7,243.32,227.58,241.96,6472239.95
2024-11-28,241.96,245.27,232.84,237.59,4665261.03
2024-11-29,237.59,246.77,236.55,243.32,5031185.68
2024-11-30,243.32,245.37,237.51,237.6,4068029.32
2024-12-01,237.6,239.87,234.11,236.8,4290485.2
2024-12-02,236.8,238.1,220.14,225.73,9950747.47
2024-12-03,225.73,239.53,215.32,233.92,11149021.96
2024-12-04,233.92,240.91,224.71,229.15,8456094.87
2024-12-05,229.15,244.74,223.0,235.87,12967413.77
2024-12-06,235.87,246.91,230.93,236.85,9070584.84
2024-12-07,236.85,243.54,234.12,238.12,5060046.84
2024-12-08,238.12,241.48,233.25,237.04,3838673.99
2024-12-09,237.04,237.27,208.09,216.68,11960873.42
2024-12-10,216.68,220.95,203.23,213.6,12613653.45
2024-12-11,213.6,230.63,211.52,227.29,8115838.44
2024-12-12,227.29,234.66,225.71,226.95,6401108.37
2024-12-13,226.95,228.42,220.64,224.79,5169563.67
2024-12-14,224.79,227.49,215.19,219.92,3907450.51
2024-12-15,219.92,225.48,215.72,224.27,3943325.72
2024-12-16,224.27,227.51,213.28,216.2,6730338.96
2024-12-17,216.2,228.98,211.43,223.16,8882800.35
2024-12-18,223.16,226.03,204.92,206.55,9497321.92
2024-12-19,206.55,212.14,187.31,193.81,12994449.94
2024-12-20,193.81,199.75,175.69,194.51,16381916.44
2024-12-21,194.51,201.98,178.37,181.43,8743119.92
2024-12-22,181.43,187.86,176.91,180.52,6024889.85
2024-12-23,180.52,193.47,176.5,190.12,7509211.6
2024-12-24,190.12,199.01,186.15,197.1,4846590.64
2024-12-25,197.1,201.85,195.09,197.46,3688637.64
2024-12-26,197.46,199.7,186.61,188.45,4074775.22
2024-12-27,188.45,194.38,182.81,184.21,3971993.96
2024-12-28,184.21,196.06,183.84,195.5,2943595.3
2024-12-29,195.5,197.69,188.57,189.96,3221435.97
2024-12-30,189.96,196.44,185.91,191.37,4616579.35
2024-12-31,191.37,199.26,188.04,189.32,4591164.84
2025-01-01,189.32,195.31,188.0,194.28,3147342.05
2025-01-02,194.28,210.25,193.46,208.31,6176219.75
2025-01-03,208.31,219.8,205.66,218.0,5585669.07
2025-01-04,218.0,218.14,213.54,216.66,3439504.24
2025-01-05,216.66,219.03,211.5,213.42,3540475.26
2025-01-06,213.42,223.18,211.57,218.23,4911843.54
2025-01-07,218.23,219.11,201.83,202.16,6899327.45
2025-01-08,202.16,203.27,188.37,197.48,7884461.27
2025-01-09,197.48,199.05,182.02,184.96,5925339.34
2025-01-10,184.96,193.02,183.53,187.69,5780370.13
2025-01-11,187.69,191.92,184.05,188.09,3301822.56
2025-01-12,188.09,191.0,185.17,188.51,2187136.8
2025-01-13,188.51,191.98,170.22,182.86,9128510.83
2025-01-14,182.86,190.11,181.88,187.56,4417099.46
2025-01-15,187.56,206.03,185.85,205.86,5955492.05
2025-01-16,205.86,217.1,198.49,211.11,8800683.47
2025-01-17,211.11,222.08,209.85,219.51,7065789.04
2025-01-18,219.51,269.92,217.3,261.98,31919478.78
2025-01-19,261.98,295.7,239.36,253.15,43106924.85
2025-01-20,253.15,273.25,229.71,242.15,30077434.87
2025-01-21,242.15,260.06,230.21,250.34,13708733.0
2025-01-22,250.34,272.01,248.43,257.38,11132656.4
2025-01-23,257.38,258.44,242.2,253.11,12153658.01
2025-01-24,253.11,270.04,247.2,253.36,9178707.95
2025-01-25,253.36,260.77,246.34,256.4,6157799.81
2025-01-26,256.4,260.02,240.33,240.52,4898274.05
2025-01-27,240.52,242.65,220.97,234.9,15291253.44
2025-01-28,234.9,243.95,225.09,227.05,6324256.66
2025-01-29,227.05,238.23,222.65,228.16,7011213.1
2025-01-30,228.16,244.67,226.86,238.31,5770874.63
2025-01-31,238.31,241.81,228.2,231.77,5255839.35
2025-02-01,231.77,234.98,212.74,213.03,4814365.94
2025-02-02,213.03,218.83,193.6,203.48,13543007.05
2025-02-03,203.48,218.62,179.57,216.27,23357224.16
2025-02-04,216.27,219.95,201.92,206.63,11361311.43
2025-02-05,206.63,209.37,195.15,196.12,5902501.86
2025-02-06,196.12,203.98,187.6,189.55,6206451.31
2025-02-07,189.55,203.36,188.14,192.0,7423684.82
2025-02-08,192.0,200.87,189.82,199.33,3399656.1
2025-02-09,199.33,207.36,193.62,200.46,5122320.77
2025-02-10,200.46,209.05,195.88,200.47,6827075.71
2025-02-11,200.47,206.18,195.11,197.97,6356897.99
2025-02-12,197.97,198.55,188.54,196.78,7273703.6
2025-02-13,196.78,198.46,189.01,194.25,4056329.58
2025-02-14,194.25,205.34,194.12,199.4,5883200.75
2025-02-15,199.4,200.26,192.65,194.47,2669529.39
2025-02-16,194.47,196.23,186.42,188.27,3371296.45
2025-02-17,188.27,189.71,174.79,177.53,7677506.88
2025-02-18,177.53,179.06,160.93,169.32,12791872.95
2025-02-19,169.32,174.29,163.78,168.93,6719407.71
2025-02-20,168.93,176.61,167.68,176.01,5429426.04
2025-02-21,176.01,180.51,167.26,169.07,8670310.38
2025-02-22,169.07,174.71,168.22,172.07,3774864.84
2025-02-23,172.07,173.06,166.46,167.94,2553193.19
2025-02-24,167.94,169.68,138.58,141.83,13842272.9
2025-02-25,141.83,147.05,132.05,144.33,21609482.78
2025-02-26,144.33,145.16,130.64,135.33,10483272.55
2025-02-27,135.33,142.86,134.79,137.68,8221415.46
2025-02-28,137.68,148.63,125.56,148.17,18085408.87
2025-03-01,148.17,151.08,138.59,143.65,7055176.34
2025-03-02,143.65,179.3,140.07,178.73,23309958.57
2025-03-03,178.73,179.46,139.32,142.15,20655612.63
2025-03-04,142.15,146.84,130.87,144.8,19777175.87
2025-03-05,144.8,149.72,140.23,146.27,8779263.02
2025-03-06,146.27,152.89,142.45,143.31,7952242.69
2025-03-07,143.31,150.85,135.11,139.37,12910825.56
2025-03-08,139.37,141.08,135.3,137.01,3721027.46
2025-03-09,137.01,139.86,125.53,126.51,7001877.35
2025-03-10,126.51,131.49,115.53,118.3,11920484.56
2025-03-11,118.3,128.39,112.25,125.34,12020598.05
2025-03-12,125.34,131.28,121.25,126.62,8442768.99
2025-03-13,126.62,128.44,120.89,123.37,5811998.9
2025-03-14,123.37,135.93,123.01,133.53,6879885.73
2025-03-15,133.53,136.52,132.46,135.86,3646089.28
2025-03-16,135.86,136.68,125.21,126.13,5332681.14
2025-03-17,126.13,130.6,125.56,128.03,5079538.62
2025-03-18,128.03,128.15,121.84,125.34,5729867.86
2025-03-19,125.34,136.04,124.22,135.33,7545400.55
2025-03-20,135.33,136.03,126.66,127.6,4808139.67
2025-03-21,127.6,130.16,124.86,128.49,4495164.54
2025-03-22,128.49,131.83,127.82,128.51,2746053.05
2025-03-23,128.51,133.95,128.22,132.82,3189740.81
2025-03-24,132.82,144.94,132.12,141.01,7917065.25
2025-03-25,141.01,147.45,138.18,143.64,6694468.81
2025-03-26,143.64,145.46,135.94,137.36,6014458.41
2025-03-27,137.36,140.2,135.69,138.44,4689805.38
2025-03-28,138.44,139.05,127.74,129.49,8244354.9
2025-03-29,129.49,130.53,122.76,124.58,5162765.0
2025-03-30,124.58,127.03,123.07,124.81,3820972.79
2025-03-31,124.81,127.78,122.79,124.55,7162590.79
2025-04-01,124.55,130.49,123.79,126.68,6794719.4
2025-04-02,126.68,135.65,117.25,117.41,12803655.63
2025-04-03,117.41,120.93,112.26,117.16,10725422.67
2025-04-04,117.16,124.0,113.33,122.78,11393985.01
2025-04-05,122.78,122.83,117.18,120.32,3357231.99
2025-04-06,120.32,121.1,103.88,105.92,10192797.12
2025-04-07,105.92,111.78,95.59,106.99,25696689.87
2025-04-08,106.99,112.55,103.0,105.42,11624037.91
2025-04-09,105.42,120.71,101.28,119.06,17780383.63
2025-04-10,119.06,119.28,108.32,112.83,9805277.47
2025-04-11,112.83,122.64,112.18,121.41,9123452.75
2025-04-12,121.41,134.0,119.45,132.25,9477354.16
2025-04-13,132.25,133.89,125.34,128.36,8529539.09
2025-04-14,128.36,136.1,128.03,129.41,8620136.28
2025-04-15,129.41,134.44,125.87,126.11,6820882.83
2025-04-16,126.11,133.85,123.53,131.33,10004095.15
2025-04-17,131.33,136.12,129.52,134.84,7251535.28
2025-04-18,134.84,136.0,132.48,134.06,4390059.63
2025-04-19,134.06,140.41,133.58,139.85,5200512.33
2025-04-20,139.85,141.94,135.68,137.86,6026265.85
2025-04-21,137.86,143.1,133.85,136.56,8542416.2
2025-04-22,136.56,150.15,134.91,148.77,9187082.35
2025-04-23,148.77,154.11,147.16,151.1,8832080.27
2025-04-24,151.1,152.87,145.15,152.54,6599284.18
2025-04-25,152.54,156.88,149.91,150.84,7743148.96
2025-04-26,150.84,153.13,147.78,149.22,3315917.51
2025-04-27,149.22,150.39,145.54,147.99,3156874.45
2025-04-28,147.99,153.38,144.66,147.84,6615640.18
2025-04-29,147.84,150.32,145.01,146.31,4675443.13
2025-04-30,146.31,148.59,140.42,147.54,5510829.31
2025-05-01,147.54,153.92,147.54,150.85,5543541.74
2025-05-02,150.85,151.9,147.33,148.04,3870212.39
2025-05-03,148.04,149.02,145.85,146.71,2435469.49
2025-05-04,146.71,147.74,143.66,143.96,2846118.89
2025-05-05,143.96,147.71,142.53,146.69,3726484.61
2025-05-06,146.69,147.22,141.44,146.87,4132686.26
2025-05-07,146.87,149.53,144.69,147.32,4461630.58
2025-05-08,147.32,164.58,147.1,164.46,10590090.0
2025-05-09,164.46,176.1,161.08,172.79,11748883.14
2025-05-10,172.79,178.93,168.75,177.91,6365447.81
2025-05-11,177.91,180.11,169.44,173.19,6668367.01
2025-05-12,173.19,181.36,168.51,174.22,11930585.5
2025-05-13,174.22,184.82,166.2,183.75,8914879.82
2025-05-14,183.75,184.87,173.26,176.64,6944753.71
2025-05-15,176.64,178.33,166.79,169.15,7268437.4
2025-05-16,169.15,174.19,166.37,167.42,5389175.25
2025-05-17,167.42,169.98,164.03,165.95,4636420.02
2025-05-18,165.95,176.77,164.78,173.32,6609221.19
2025-05-19,173.32,173.87,159.45,166.84,8005705.07
2025-05-20,166.84,173.02,164.53,168.59,6960727.41
2025-05-21,168.59,175.96,165.73,173.55,9454781.49
2025-05-22,173.55,180.84,172.62,179.68,7535361.62
2025-05-23,179.68,187.67,173.28,174.01,12819206.83
2025-05-24,174.01,178.32,172.57,175.88,4584981.06
2025-05-25,175.88,176.88,169.19,175.74,5563018.4
2025-05-26,175.74,179.0,173.48,174.92,4433911.92
2025-05-27,174.92,179.39,171.3,176.71,6023587.54
2025-05-28,176.71,177.43,168.96,172.22,5387714.61
2025-05-29,172.22,175.32,166.03,166.71,5767089.61
2025-05-30,166.71,167.5,155.32,156.2,8283379.85
2025-05-31,156.2,157.99,152.15,156.44,5342418.06
2025-06-01,156.44,157.93,150.61,157.69,5124404.97
2025-06-02,157.69,158.93,151.69,156.82,5690012.31
2025-06-03,156.82,163.61,154.34,155.21,6492956.92
2025-06-04,155.21,157.96,152.99,153.25,4448027.86
2025-06-05,153.25,154.59,141.54,144.3,8865907.17
2025-06-06,144.3,152.37,144.15,147.82,4724603.94
2025-06-07,147.82,152.82,146.91,150.07,3136991.5
2025-06-08,150.07,155.26,148.01,152.44,3581096.14
2025-06-09,152.44,161.71,149.59,161.15,6238485.87
2025-06-10,161.15,165.65,156.4,165.11,7848743.18
2025-06-11,165.11,168.34,159.21,160.97,9234372.68
2025-06-12,160.97,161.29,152.05,152.33,5521481.08
2025-06-13,152.33,152.58,140.58,148.6,10587709.89
2025-06-14,148.6,148.71,141.98,144.64,3212912.25
2025-06-15,144.64,153.48,144.22,152.97,5333425.6
2025-06-16,152.97,158.77,150.31,150.72,6869949.69
2025-06-17,150.72,154.32,145.64,147.57,7339300.86
2025-06-18,147.57,149.25,143.78,146.35,5605010.31
2025-06-19,146.35,147.89,142.92,147.03,3917204.39
2025-06-20,147.03,148.79,135.74,140.1,6922837.52
2025-06-21,140.1,142.6,131.55,135.41,5712200.91
2025-06-22,135.41,137.6,126.1,131.73,9636131.91
2025-06-23,131.73,146.91,130.69,144.51,9643832.18
2025-06-24,144.51,146.72,142.32,145.92,5557030.33
2025-06-25,145.92,147.95,142.27,143.56,4930367.77
2025-06-26,143.56,147.92,138.64,139.06,5102655.49
2025-06-27,139.06,144.74,137.25,142.09,4634000.78
2025-06-28,142.09,152.69,141.14,150.72,4879472.31
2025-06-29,150.72,154.76,149.37,153.31,4180371.87
2025-06-30,153.31,159.89,149.46,154.82,8015217.34
2025-07-01,154.82,155.54,144.87,146.88,5405165.58
2025-07-02,146.88,154.45,145.87,152.29,5286757.08
2025-07-03,152.29,156.35,149.91,152.35,4982411.43
2025-07-04,152.35,153.87,145.22,147.7,4640045.81
2025-07-05,147.7,148.68,145.9,147.56,2341339.0
2025-07-06,147.56,153.75,146.77,151.86,4175254.03
2025-07-07,151.86,153.56,147.7,148.89,4400442.57
2025-07-08,148.89,152.88,147.86,151.67,4782055.69
2025-07-09,151.67,157.92,150.54,157.06,5891362.06
2025-07-10,157.06,165.4,155.66,164.34,7208801.01
2025-07-11,164.34,168.2,159.58,162.93,8651563.72
2025-07-12,162.93,163.9,157.76,160.7,4505353.55
2025-07-13,160.7,164.17,159.64,161.14,4428737.82
2025-07-14,161.14,168.65,160.62,162.22,7826573.78
2025-07-15,162.22,164.27,157.23,164.0,7798990.21
2025-07-16,164.0,175.99,161.52,173.63,9530464.2
2025-07-17,173.63,178.17,168.72,175.87,8586476.01
2025-07-18,175.87,184.65,173.27,177.28,9925354.3
2025-07-19,177.28,178.59,174.01,176.98,4551009.9
2025-07-20,176.98,183.67,176.35,181.45,7352515.93
2025-07-21,181.45,199.26,178.26,195.72,12903238.76
2025-07-22,195.72,206.32,193.81,205.71,16080271.05
2025-07-23,205.71,205.75,184.0,189.4,10925971.11
2025-07-24,189.4,191.87,179.22,182.87,9625998.82
2025-07-25,182.87,186.85,175.66,186.75,8190936.71
2025-07-26,186.75,189.77,184.34,184.88,3555084.99
2025-07-27,184.88,190.7,184.55,188.64,4440219.05
2025-07-28,188.64,195.16,182.17,183.1,7591192.49
2025-07-29,183.1,186.64,178.31,181.48,5036665.79
2025-07-30,181.48,182.55,171.06,177.76,6141646.98
2025-07-31,177.76,182.69,171.45,172.24,5521040.32
2025-08-01,172.24,172.25,159.24,162.71,9563298.18
2025-08-02,162.71,165.27,155.83,158.48,5000791.95
2025-08-03,158.48,163.14,156.29,161.96,4318762.83
2025-08-04,161.96,169.8,161.27,169.56,5778549.34
2025-08-05,169.56,171.72,161.32,164.08,6164732.91
2025-08-06,164.08,169.93,161.17,168.09,4714476.42
2025-08-07,168.09,175.51,166.71,175.37,6279275.61
2025-08-08,175.37,179.66,173.48,176.78,7633714.04
2025-08-09,176.78,183.35,176.64,179.95,6745067.12
2025-08-10,179.95,186.17,177.53,182.66,7805372.72
2025-08-11,182.66,186.79,173.44,174.85,8514848.21
2025-08-12,174.85,193.75,173.62,191.78,10396360.8
2025-08-13,191.78,204.94,191.49,201.51,13974354.38
2025-08-14,201.51,209.86,187.3,192.47,17920941.62
2025-08-15,192.47,198.06,183.37,185.73,8961462.67
2025-08-16,185.73,190.04,185.21,189.61,4470575.86
2025-08-17,189.61,195.84,187.37,191.0,5252884.68
2025-08-18,191.0,191.33,180.03,182.92,7289229.79
2025-08-19,182.92,185.85,175.71,176.22,7218997.93
2025-08-20,176.22,187.97,176.05,187.95,7422064.1
2025-08-21,187.95,190.06,179.43,180.31,6471117.63
2025-08-22,180.31,202.37,177.33,200.68,12703209.54
2025-08-23,200.68,208.57,195.27,204.15,9218460.48
2025-08-24,204.15,211.97,201.22,205.98,13452710.76
2025-08-25,205.98,213.53,185.4,187.19,15369431.77
2025-08-26,187.19,198.08,185.65,195.85,9464166.93
2025-08-27,195.85,212.07,193.78,202.95,15152160.37
2025-08-28,202.95,216.81,201.72,214.43,13585881.26
2025-08-29,214.43,217.96,199.88,205.09,16146383.22
2025-08-30,205.09,207.04,197.56,202.7,6603021.74
2025-08-31,202.7,206.65,200.3,200.63,5541810.74
2025-09-01,200.63,204.56,194.2,197.3,8059414.4
2025-09-02,197.3,209.67,196.78,209.64,8935106.52
2025-09-03,209.64,212.99,207.41,210.76,7293369.68
2025-09-04,210.76,211.93,201.84,202.32,5447473.47
2025-09-05,202.32,209.99,200.96,203.38,8043918.28
2025-09-06,203.38,204.66,199.33,200.17,3035116.28
2025-09-07,200.17,207.94,200.12,206.35,4551631.08
2025-09-08,206.35,217.07,205.61,214.11,10185019.47
2025-09-09,214.11,219.78,210.85,217.21,9390986.15
2025-09-10,217.21,225.96,215.1,224.06,9230439.94
2025-09-11,224.06,228.95,221.72,228.74,9411689.24
2025-09-12,228.74,243.98,228.12,242.18,11761831.1
2025-09-13,242.18,244.14,235.84,242.37,6838972.27
2025-09-14,242.37,249.61,239.4,239.76,8628790.13
2025-09-15,239.76,244.0,230.16,234.33,9387319.89
2025-09-16,234.33,240.94,231.29,236.95,6959246.63
2025-09-17,236.95,246.62,232.3,244.83,9891205.74
2025-09-18,244.83,253.5,242.6,247.5,8151013.09
2025-09-19,247.5,248.55,235.22,238.53,7053428.63
2025-09-20,238.53,241.21,236.91,239.48,3215498.23
2025-09-21,239.48,241.81,235.34,236.17,3050985.29
2025-09-22,236.17,236.96,216.47,220.38,11930229.32
2025-09-23,220.38,221.58,212.35,213.3,7072036.27
2025-09-24,213.3,216.44,205.23,211.6,8784013.38
2025-09-25,211.6,212.43,191.53,192.74,13033895.33
2025-09-26,192.74,205.47,190.83,205.15,10843829.1
2025-09-27,205.15,205.42,199.89,203.45,4165599.25
2025-09-28,203.45,210.97,198.01,210.83,4356270.3
2025-09-29,210.83,214.74,204.62,212.74,7142214.79
2025-09-30,212.74,213.67,204.29,208.69,7042324.1
2025-10-01,208.69,222.66,206.39,222.04,7825456.19
2025-10-02,222.04,234.95,219.53,234.74,9487630.46
2025-10-03,234.74,236.99,227.17,232.83,8683519.58
2025-10-04,232.83,234.03,224.15,227.85,4409443.84
2025-10-05,227.85,237.21,226.53,228.57,6895447.96
2025-10-06,228.57,237.77,227.56,232.36,6708859.98
2025-10-07,232.36,235.2,219.7,219.97,9251173.96
2025-10-08,219.97,229.69,217.38,229.02,6559861.18
2025-10-09,229.02,229.63,223.86,226.67,1361320.48
